white,elo_white,black,elo_black,result,opening,cadence,date,tournament,city
FRESSINET Laurent,2605,SO Wesley,2747,1 - 0,Petrov Defense,rapid,2020-04-19,Grand Chess Tour Croatia,Zagreb
HOU Yifan,2633,FRESSINET Laurent,2605,1 - 0,Grunfeld Defense,classical,2020-10-09,Tata Steel,Wijk aan Zee
MUZYCHUK Mariya,2505,NIEMANN Hans Moke,2734,X - X,Petrov Defense,classical,2020-07-14,Norway Chess,Stavanger
KOSTENIUK Alexandra,2487,ASSAUBAYEVA Bibisara,2488,X - X,Reti Opening,classical,2020-11-12,Tata Steel,Wijk aan Zee
SAVINA Anastasia,2324,ARONIAN Levon,2739,1 - 0,Larsen Opening,rapid,2020-08-31,Grand Chess Tour Croatia,Zagreb
LAGARDE Maxime,2606,VAISHALI Rameshbabu,2490,0 - 1,Queen's Gambit Accepted,classical,2020-02-28,Candidates,Madrid
MAMEDYAROV Shakhriyar,2738,FIROUZJA Alireza,2763,X - X,Vienna Game,classical,2020-10-18,Candidates,Madrid
SCHIPPKE Manon,2272,JU Wenjun,2563,1 - 0,Scandinavian Defense,rapid,2020-03-20,Grand Chess Tour Croatia,Zagreb
SEBAG Marie,2448,JU Wenjun,2563,X - X,Grunfeld Defense,blitz,2020-09-22,Titled Tuesday,NA
SEBAG Marie,2448,SAVINA Anastasia,2324,X - X,King's Indian Defense,blitz,2020-12-06,Titled Tuesday,NA
WEI Yi,2753,MUZYCHUK Anna,2515,X - X,French Defense,classical,2020-06-21,Tata Steel,Wijk aan Zee
VAISHALI Rameshbabu,2490,ANAND Viswanathan,2750,1 - 0,Queen's Gambit Accepted,classical,2020-01-05,Tata Steel,Wijk aan Zee
NEPOMNIACHTCHI Ian,2755,KRAMNIK Vladimir,2810,0 - 1,Grunfeld Defense,rapid,2020-12-20,Grand Chess Tour Croatia,Zagreb
LAGNO Kateryna,2527,TAN Zhongyi,2551,0 - 1,Dutch Defense,classical,2020-05-02,Tata Steel,Wijk aan Zee
SCHIPPKE Manon,2272,SO Wesley,2747,1 - 0,Catalan Opening,classical,2020-04-29,Sinquefield Cup,Saint Louis
DAULYTE-CORNETTE Deimante,2371,PRAGGNANANDHAA R,2737,X - X,Ruy Lopez,rapid,2020-09-27,World Rapid Championship,Samarkand
SKRIPCHENKO Almira,2361,GORYACHKINA Aleksandra,2528,X - X,Scotch Game,classical,2020-03-27,Tata Steel,Wijk aan Zee
FIROUZJA Alireza,2763,WEI Yi,2753,X - X,French Defense,classical,2020-09-08,Tata Steel,Wijk aan Zee
GIRI Anish,2733,HEJAZIPOUR Mitra,2309,X - X,French Defense,classical,2020-11-22,Sinquefield Cup,Saint Louis
ERIGAISI Arjun,2799,DAULYTE-CORNETTE Deimante,2371,1 - 0,Alekhine Defense,classical,2020-08-13,Tata Steel,Wijk aan Zee
MILLIET Sophie,2366,ERIGAISI Arjun,2799,1 - 0,English Opening,classical,2020-12-29,Tata Steel,Wijk aan Zee
DAULYTE-CORNETTE Deimante,2371,GUICHARD Pauline,2357,0 - 1,Scotch Game,rapid,2020-07-14,Grand Chess Tour Croatia,Zagreb
WEI Yi,2753,MILLIET Sophie,2366,X - X,Queen's Gambit Accepted,rapid,2020-10-08,Grand Chess Tour Croatia,Zagreb
DAULYTE-CORNETTE Deimante,2371,GIRI Anish,2733,X - X,Larsen Opening,classical,2020-07-28,Isle of Man Open,Douglas
SHUVALOVA Polina,2495,DING Liren,2728,X - X,Petrov Defense,classical,2020-05-27,Tata Steel,Wijk aan Zee
SEBAG Marie,2448,GUICHARD Pauline,2357,1 - 0,French Defense,rapid,2020-06-11,Grand Chess Tour Croatia,Zagreb
SO Wesley,2747,CARLSEN Magnus,2831,X - X,Sicilian Defense,rapid,2020-02-27,World Rapid Championship,Samarkand
HOU Yifan,2633,KRAMNIK Vladimir,2810,0 - 1,Grunfeld Defense,classical,2020-08-08,Sinquefield Cup,Saint Louis
MAMEDYAROV Shakhriyar,2738,KOSTENIUK Alexandra,2487,1 - 0,French Defense,rapid,2020-03-12,Grand Chess Tour Croatia,Zagreb
ERIGAISI Arjun,2799,FIROUZJA Alireza,2763,X - X,French Defense,classical,2020-09-09,Norway Chess,Stavanger
GORYACHKINA Aleksandra,2528,CARUANA Fabiano,2805,1 - 0,Caro-Kann Defense,blitz,2020-11-04,World Blitz Championship,Dubai
VIDIT Santosh Gujrathi,2739,GIRI Anish,2733,X - X,Vienna Game,classical,2020-10-13,Norway Chess,Stavanger
VACHIER-LAGRAVE Maxime,2737,VAISHALI Rameshbabu,2490,X - X,Larsen Opening,classical,2020-06-16,Norway Chess,Stavanger
LEI Tingjie,2549,ASSAUBAYEVA Bibisara,2488,X - X,English Opening,blitz,2020-07-03,Titled Tuesday,NA
KASHLINSKAYA Alina,2493,DUDA Jan-Krzysztof,2740,1 - 0,French Defense,blitz,2020-08-30,World Blitz Championship,Dubai
ANAND Viswanathan,2750,MUZYCHUK Anna,2515,X - X,Ruy Lopez,classical,2020-06-24,Sinquefield Cup,Saint Louis
HOU Yifan,2633,BACROT Etienne,2653,X - X,French Defense,classical,2020-11-21,Tata Steel,Wijk aan Zee
VAISHALI Rameshbabu,2490,FIROUZJA Alireza,2763,X - X,Pirc Defense,blitz,2020-05-12,World Blitz Championship,Dubai
DRONAVALLI Harika,2493,FIROUZJA Alireza,2763,1 - 0,Queen's Gambit Accepted,blitz,2020-10-13,World Blitz Championship,Dubai
SHUVALOVA Polina,2495,JU Wenjun,2563,1 - 0,Sicilian Defense,classical,2020-12-24,Tata Steel,Wijk aan Zee
DZAGNIDZE Nana,2518,NIEMANN Hans Moke,2734,X - X,Queen's Gambit Accepted,rapid,2020-01-01,Grand Chess Tour Croatia,Zagreb
SCHIPPKE Manon,2272,LAGARDE Maxime,2606,X - X,Reti Opening,blitz,2020-11-15,Titled Tuesday,NA
GUKESH D,2783,SKRIPCHENKO Almira,2361,0 - 1,Queen's Gambit Accepted,classical,2020-11-02,Tata Steel,Wijk aan Zee
LAGNO Kateryna,2527,KEYMER Vincent,2733,X - X,Italian Game,classical,2020-05-08,Tata Steel,Wijk aan Zee
LAGNO Kateryna,2527,KEYMER Vincent,2733,X - X,French Defense,classical,2020-03-28,World Cup,Baku
CARUANA Fabiano,2805,NIEMANN Hans Moke,2734,1 - 0,Queen's Gambit Accepted,classical,2020-08-11,Candidates,Madrid
DING Liren,2728,GUICHARD Pauline,2357,X - X,Vienna Game,classical,2020-05-30,Candidates,Madrid
NEPOMNIACHTCHI Ian,2755,KRAMNIK Vladimir,2810,X - X,Dutch Defense,blitz,2020-02-01,Titled Tuesday,NA
KONERU Humpy,2530,NEPOMNIACHTCHI Ian,2755,X - X,Sicilian Defense,classical,2020-02-17,Tata Steel,Wijk aan Zee
KOSTENIUK Alexandra,2487,VIDIT Santosh Gujrathi,2739,X - X,Queen's Gambit Accepted,rapid,2020-10-05,World Rapid Championship,Samarkand
VACHIER-LAGRAVE Maxime,2737,ABDUSATTOROV Nodirbek,2777,1 - 0,Larsen Opening,classical,2020-04-24,Candidates,Madrid
DZAGNIDZE Nana,2518,MUZYCHUK Mariya,2505,X - X,Grunfeld Defense,classical,2020-12-12,Sinquefield Cup,Saint Louis
MILLIET Sophie,2366,KOSTENIUK Alexandra,2487,1 - 0,Scandinavian Defense,blitz,2020-04-22,World Blitz Championship,Dubai
NAVROTESCU Andreea,2338,KASHLINSKAYA Alina,2493,X - X,Nimzo-Indian Defense,classical,2020-07-21,Tata Steel,Wijk aan Zee
LAGNO Kateryna,2527,ANAND Viswanathan,2750,0 - 1,Scandinavian Defense,classical,2020-05-27,Candidates,Madrid
HEJAZIPOUR Mitra,2309,DOMINGUEZ PEREZ Leinier,2741,X - X,Larsen Opening,classical,2020-03-30,World Cup,Baku
GIRI Anish,2733,MILLIET Sophie,2366,1 - 0,Reti Opening,classical,2020-07-02,Tata Steel,Wijk aan Zee
KRAMNIK Vladimir,2810,POLGAR Judith,2732,1 - 0,Queen's Gambit Accepted,classical,2020-07-20,Tata Steel,Wijk aan Zee
DAULYTE-CORNETTE Deimante,2371,DZAGNIDZE Nana,2518,X - X,Scotch Game,classical,2020-12-20,Candidates,Madrid
PRAGGNANANDHAA R,2737,ZHU Jiner,2514,1 - 0,Reti Opening,classical,2020-07-23,Isle of Man Open,Douglas
ASSAUBAYEVA Bibisara,2488,KASPAROV Garry,2850,X - X,Semi-Slav Defense,classical,2020-05-12,Tata Steel,Wijk aan Zee
MUZYCHUK Mariya,2505,FRESSINET Laurent,2605,1 - 0,Scotch Game,rapid,2020-03-04,World Rapid Championship,Samarkand
VAISHALI Rameshbabu,2490,WEI Yi,2753,X - X,Sicilian Defense,blitz,2020-08-06,Titled Tuesday,NA
ASSAUBAYEVA Bibisara,2488,SCHIPPKE Manon,2272,X - X,Larsen Opening,classical,2020-08-10,Sinquefield Cup,Saint Louis
DING Liren,2728,ARONIAN Levon,2739,1 - 0,Sicilian Defense,classical,2020-04-07,Sinquefield Cup,Saint Louis
ASSAUBAYEVA Bibisara,2488,NEPOMNIACHTCHI Ian,2755,1 - 0,Reti Opening,rapid,2020-09-08,Grand Chess Tour Croatia,Zagreb
KRAMNIK Vladimir,2810,SEBAG Marie,2448,X - X,Sicilian Defense,classical,2020-06-19,Tata Steel,Wijk aan Zee
SHUVALOVA Polina,2495,JU Wenjun,2563,X - X,London System,classical,2020-07-13,Tata Steel,Wijk aan Zee
DING Liren,2728,PRAGGNANANDHAA R,2737,X - X,Catalan Opening,classical,2020-02-21,Tata Steel,Wijk aan Zee
VAISHALI Rameshbabu,2490,KEYMER Vincent,2733,1 - 0,Berlin Defense,classical,2020-02-16,Candidates,Madrid
ANAND Viswanathan,2750,HOU Yifan,2633,X - X,Dutch Defense,classical,2020-03-09,World Cup,Baku
HOU Yifan,2633,TAN Zhongyi,2551,X - X,Italian Game,blitz,2020-09-23,Titled Tuesday,NA
FIROUZJA Alireza,2763,GIRI Anish,2733,X - X,Alekhine Defense,classical,2020-03-08,Tata Steel,Wijk aan Zee
ERIGAISI Arjun,2799,POLGAR Judith,2732,X - X,Catalan Opening,rapid,2020-08-01,Grand Chess Tour Croatia,Zagreb
HOU Yifan,2633,DRONAVALLI Harika,2493,0 - 1,Petrov Defense,blitz,2020-08-29,World Blitz Championship,Dubai
IGLESIAS Yosha,2296,ERIGAISI Arjun,2799,1 - 0,Nimzo-Indian Defense,classical,2020-05-17,World Cup,Baku
MOUSSARD Jules,2600,PRAGGNANANDHAA R,2737,1 - 0,Semi-Slav Defense,rapid,2020-01-02,Grand Chess Tour Croatia,Zagreb
JU Wenjun,2563,ANAND Viswanathan,2750,1 - 0,Queen's Gambit Accepted,rapid,2020-03-21,Grand Chess Tour Croatia,Zagreb
HEJAZIPOUR Mitra,2309,WEI Yi,2753,X - X,Pirc Defense,classical,2020-10-14,Sinquefield Cup,Saint Louis
FIROUZJA Alireza,2763,PRAGGNANANDHAA R,2737,X - X,Queen's Gambit Accepted,classical,2020-05-15,Tata Steel,Wijk aan Zee
FIROUZJA Alireza,2763,DUDA Jan-Krzysztof,2740,1 - 0,French Defense,classical,2020-02-18,Tata Steel,Wijk aan Zee
IGLESIAS Yosha,2296,POLGAR Judith,2732,X - X,Reti Opening,rapid,2020-02-23,Grand Chess Tour Croatia,Zagreb
MAMEDYAROV Shakhriyar,2738,DING Liren,2728,0 - 1,Larsen Opening,classical,2020-08-17,Tata Steel,Wijk aan Zee
CARLSEN Magnus,2831,DUDA Jan-Krzysztof,2740,0 - 1,Sicilian Defense,classical,2020-07-23,Sinquefield Cup,Saint Louis
ASSAUBAYEVA Bibisara,2488,KRAMNIK Vladimir,2810,X - X,Ruy Lopez,classical,2020-07-31,Tata Steel,Wijk aan Zee
ANAND Viswanathan,2750,FIROUZJA Alireza,2763,1 - 0,Reti Opening,classical,2020-11-24,Tata Steel,Wijk aan Zee
GUICHARD Pauline,2357,VACHIER-LAGRAVE Maxime,2737,1 - 0,Queen's Gambit Accepted,classical,2020-08-21,Candidates,Madrid
GUICHARD Pauline,2357,CARLSEN Magnus,2831,0 - 1,English Opening,rapid,2020-01-09,Grand Chess Tour Croatia,Zagreb
SHUVALOVA Polina,2495,VACHIER-LAGRAVE Maxime,2737,X - X,Sicilian Defense,classical,2020-06-19,Sinquefield Cup,Saint Louis
LAGARDE Maxime,2606,ERIGAISI Arjun,2799,0 - 1,Nimzo-Indian Defense,classical,2020-02-08,Tata Steel,Wijk aan Zee
SEBAG Marie,2448,HEJAZIPOUR Mitra,2309,1 - 0,Scandinavian Defense,rapid,2020-07-07,World Rapid Championship,Samarkand
FIROUZJA Alireza,2763,DRONAVALLI Harika,2493,X - X,Pirc Defense,classical,2020-10-12,Candidates,Madrid
BACROT Etienne,2653,LAGNO Kateryna,2527,1 - 0,Scotch Game,classical,2020-09-01,Candidates,Madrid
GUKESH D,2783,SCHIPPKE Manon,2272,X - X,Dutch Defense,classical,2020-08-09,Norway Chess,Stavanger
KASHLINSKAYA Alina,2493,LE Quang Liem,2739,X - X,Ruy Lopez,classical,2020-07-11,Sinquefield Cup,Saint Louis
CARUANA Fabiano,2805,KRAMNIK Vladimir,2810,X - X,French Defense,rapid,2020-02-02,World Rapid Championship,Samarkand
KOSTENIUK Alexandra,2487,IGLESIAS Yosha,2296,X - X,Vienna Game,classical,2020-02-08,World Cup,Baku
HEJAZIPOUR Mitra,2309,VAISHALI Rameshbabu,2490,X - X,Vienna Game,rapid,2020-07-21,World Rapid Championship,Samarkand
SAVINA Anastasia,2324,FIROUZJA Alireza,2763,X - X,English Opening,classical,2020-05-27,Isle of Man Open,Douglas
FRESSINET Laurent,2605,GUKESH D,2783,0 - 1,Larsen Opening,classical,2020-07-16,Sinquefield Cup,Saint Louis
MAMEDYAROV Shakhriyar,2738,SCHIPPKE Manon,2272,1 - 0,Sicilian Defense,classical,2020-11-25,Tata Steel,Wijk aan Zee
IGLESIAS Yosha,2296,GUKESH D,2783,X - X,Petrov Defense,classical,2020-08-20,Sinquefield Cup,Saint Louis
FRESSINET Laurent,2605,ABDUSATTOROV Nodirbek,2777,0 - 1,Ruy Lopez,rapid,2020-12-26,Grand Chess Tour Croatia,Zagreb
CARUANA Fabiano,2805,SO Wesley,2747,1 - 0,London System,classical,2020-03-11,Sinquefield Cup,Saint Louis
MUZYCHUK Mariya,2505,KRAMNIK Vladimir,2810,X - X,Dutch Defense,rapid,2020-05-06,Grand Chess Tour Croatia,Zagreb
MOUSSARD Jules,2600,CARLSEN Magnus,2831,X - X,Larsen Opening,classical,2020-05-22,Sinquefield Cup,Saint Louis
VIDIT Santosh Gujrathi,2739,MAMEDYAROV Shakhriyar,2738,X - X,Grunfeld Defense,classical,2020-10-21,Sinquefield Cup,Saint Louis
KONERU Humpy,2530,ANAND Viswanathan,2750,0 - 1,Scotch Game,classical,2020-12-31,Tata Steel,Wijk aan Zee
KOSTENIUK Alexandra,2487,ERIGAISI Arjun,2799,X - X,Sicilian Defense,blitz,2020-02-02,World Blitz Championship,Dubai
FIROUZJA Alireza,2763,CARUANA Fabiano,2805,1 - 0,English Opening,rapid,2020-12-14,Grand Chess Tour Croatia,Zagreb
CARLSEN Magnus,2831,ANAND Viswanathan,2750,X - X,Berlin Defense,classical,2020-10-19,Tata Steel,Wijk aan Zee
MUZYCHUK Mariya,2505,NEPOMNIACHTCHI Ian,2755,1 - 0,Berlin Defense,classical,2020-12-24,Tata Steel,Wijk aan Zee
WEI Yi,2753,SAVINA Anastasia,2324,X - X,Vienna Game,rapid,2020-04-07,Grand Chess Tour Croatia,Zagreb
NIEMANN Hans Moke,2734,GIRI Anish,2733,X - X,English Opening,classical,2020-02-07,Sinquefield Cup,Saint Louis
CARLSEN Magnus,2831,HOU Yifan,2633,X - X,Nimzo-Indian Defense,classical,2020-03-19,Tata Steel,Wijk aan Zee
NEPOMNIACHTCHI Ian,2755,SCHIPPKE Manon,2272,X - X,French Defense,classical,2020-03-11,World Cup,Baku
NAKAMURA Hikaru,2802,KRAMNIK Vladimir,2810,X - X,Sicilian Defense,classical,2020-02-08,Isle of Man Open,Douglas
SAVINA Anastasia,2324,KONERU Humpy,2530,1 - 0,Grunfeld Defense,classical,2020-12-03,World Cup,Baku
DZAGNIDZE Nana,2518,MAMEDYAROV Shakhriyar,2738,0 - 1,Nimzo-Indian Defense,classical,2020-07-22,Candidates,Madrid
CARUANA Fabiano,2805,FRESSINET Laurent,2605,X - X,Petrov Defense,classical,2020-05-28,Isle of Man Open,Douglas
DAULYTE-CORNETTE Deimante,2371,DOMINGUEZ PEREZ Leinier,2741,X - X,French Defense,classical,2020-10-09,Sinquefield Cup,Saint Louis
GIRI Anish,2733,SHUVALOVA Polina,2495,X - X,Berlin Defense,classical,2020-10-22,Sinquefield Cup,Saint Louis
DRONAVALLI Harika,2493,VAISHALI Rameshbabu,2490,X - X,Nimzo-Indian Defense,rapid,2020-06-17,World Rapid Championship,Samarkand
DUDA Jan-Krzysztof,2740,DAULYTE-CORNETTE Deimante,2371,X - X,Dutch Defense,classical,2020-05-03,Isle of Man Open,Douglas
DRONAVALLI Harika,2493,MOUSSARD Jules,2600,X - X,Queen's Gambit Accepted,rapid,2020-10-14,Grand Chess Tour Croatia,Zagreb
KOSTENIUK Alexandra,2487,SCHIPPKE Manon,2272,X - X,Semi-Slav Defense,classical,2020-06-25,Sinquefield Cup,Saint Louis
MAMEDYAROV Shakhriyar,2738,SKRIPCHENKO Almira,2361,0 - 1,Vienna Game,classical,2020-05-17,Candidates,Madrid
HEJAZIPOUR Mitra,2309,ASSAUBAYEVA Bibisara,2488,X - X,Scandinavian Defense,blitz,2020-05-15,Titled Tuesday,NA
HOU Yifan,2633,SAVINA Anastasia,2324,0 - 1,Berlin Defense,classical,2020-03-18,Norway Chess,Stavanger
IGLESIAS Yosha,2296,DZAGNIDZE Nana,2518,1 - 0,Vienna Game,classical,2020-06-12,Sinquefield Cup,Saint Louis
KASHLINSKAYA Alina,2493,FRESSINET Laurent,2605,X - X,Ruy Lopez,blitz,2020-03-18,World Blitz Championship,Dubai
KASHLINSKAYA Alina,2493,DAULYTE-CORNETTE Deimante,2371,0 - 1,London System,classical,2020-04-22,Tata Steel,Wijk aan Zee
VAISHALI Rameshbabu,2490,GUICHARD Pauline,2357,0 - 1,Dutch Defense,classical,2020-04-26,Candidates,Madrid
MAMEDYAROV Shakhriyar,2738,SAVINA Anastasia,2324,1 - 0,Ruy Lopez,classical,2020-12-28,Sinquefield Cup,Saint Louis
PRAGGNANANDHAA R,2737,SKRIPCHENKO Almira,2361,0 - 1,French Defense,classical,2020-11-01,Sinquefield Cup,Saint Louis
NIEMANN Hans Moke,2734,GIRI Anish,2733,0 - 1,Reti Opening,rapid,2020-04-30,Grand Chess Tour Croatia,Zagreb
HEJAZIPOUR Mitra,2309,SO Wesley,2747,1 - 0,Petrov Defense,blitz,2020-09-21,Titled Tuesday,NA
DUDA Jan-Krzysztof,2740,MILLIET Sophie,2366,1 - 0,Pirc Defense,classical,2020-07-22,Sinquefield Cup,Saint Louis
KASHLINSKAYA Alina,2493,NIEMANN Hans Moke,2734,1 - 0,Catalan Opening,classical,2020-01-14,Sinquefield Cup,Saint Louis
SHUVALOVA Polina,2495,VIDIT Santosh Gujrathi,2739,1 - 0,London System,rapid,2020-04-02,Grand Chess Tour Croatia,Zagreb
NIEMANN Hans Moke,2734,MUZYCHUK Mariya,2505,X - X,Nimzo-Indian Defense,classical,2020-10-26,World Cup,Baku
TAN Zhongyi,2551,VACHIER-LAGRAVE Maxime,2737,X - X,Petrov Defense,rapid,2020-10-01,Grand Chess Tour Croatia,Zagreb
ASSAUBAYEVA Bibisara,2488,DRONAVALLI Harika,2493,X - X,Vienna Game,classical,2020-09-07,Tata Steel,Wijk aan Zee
ABDUSATTOROV Nodirbek,2777,GORYACHKINA Aleksandra,2528,X - X,Dutch Defense,classical,2020-10-25,Sinquefield Cup,Saint Louis
SAVINA Anastasia,2324,SEBAG Marie,2448,X - X,Ruy Lopez,classical,2020-09-30,Isle of Man Open,Douglas
POLGAR Judith,2732,ERIGAISI Arjun,2799,0 - 1,Italian Game,classical,2020-03-19,Tata Steel,Wijk aan Zee
ARONIAN Levon,2739,SEBAG Marie,2448,X - X,English Opening,rapid,2020-11-01,Grand Chess Tour Croatia,Zagreb
LAGNO Kateryna,2527,DAULYTE-CORNETTE Deimante,2371,X - X,Larsen Opening,classical,2020-08-25,Tata Steel,Wijk aan Zee
MAMEDYAROV Shakhriyar,2738,PRAGGNANANDHAA R,2737,1 - 0,Vienna Game,classical,2020-11-05,Candidates,Madrid
ERIGAISI Arjun,2799,LAGARDE Maxime,2606,0 - 1,French Defense,classical,2020-11-26,Tata Steel,Wijk aan Zee
ASSAUBAYEVA Bibisara,2488,GIRI Anish,2733,X - X,Grunfeld Defense,classical,2020-12-09,Isle of Man Open,Douglas
GIRI Anish,2733,ABDUSATTOROV Nodirbek,2777,X - X,French Defense,classical,2020-05-01,Sinquefield Cup,Saint Louis
ZHU Jiner,2514,FIROUZJA Alireza,2763,X - X,English Opening,classical,2020-12-21,Candidates,Madrid
NEPOMNIACHTCHI Ian,2755,SHUVALOVA Polina,2495,X - X,French Defense,classical,2020-08-24,Isle of Man Open,Douglas
KASPAROV Garry,2850,PRAGGNANANDHAA R,2737,X - X,English Opening,rapid,2020-09-20,Grand Chess Tour Croatia,Zagreb
VACHIER-LAGRAVE Maxime,2737,DZAGNIDZE Nana,2518,X - X,Berlin Defense,classical,2020-02-03,Sinquefield Cup,Saint Louis
SO Wesley,2747,LE Quang Liem,2739,X - X,Vienna Game,rapid,2020-04-18,Grand Chess Tour Croatia,Zagreb
ABDUSATTOROV Nodirbek,2777,BACROT Etienne,2653,1 - 0,Vienna Game,rapid,2020-12-27,World Rapid Championship,Samarkand
KRAMNIK Vladimir,2810,GIRI Anish,2733,X - X,Queen's Gambit Accepted,classical,2020-02-24,Tata Steel,Wijk aan Zee
VIDIT Santosh Gujrathi,2739,SHUVALOVA Polina,2495,X - X,King's Indian Defense,classical,2020-05-06,Candidates,Madrid
PRAGGNANANDHAA R,2737,ARONIAN Levon,2739,0 - 1,Ruy Lopez,classical,2020-06-13,Norway Chess,Stavanger
ARONIAN Levon,2739,HEJAZIPOUR Mitra,2309,X - X,Scotch Game,rapid,2020-02-13,World Rapid Championship,Samarkand
VIDIT Santosh Gujrathi,2739,GIRI Anish,2733,1 - 0,Queen's Gambit Accepted,classical,2020-06-24,Candidates,Madrid
KASHLINSKAYA Alina,2493,WEI Yi,2753,1 - 0,Vienna Game,classical,2020-02-04,Isle of Man Open,Douglas
NAVROTESCU Andreea,2338,PRAGGNANANDHAA R,2737,X - X,Alekhine Defense,rapid,2020-02-14,World Rapid Championship,Samarkand
VAISHALI Rameshbabu,2490,MILLIET Sophie,2366,X - X,Vienna Game,classical,2020-10-08,Candidates,Madrid
GUKESH D,2783,FIROUZJA Alireza,2763,1 - 0,French Defense,rapid,2020-05-15,Grand Chess Tour Croatia,Zagreb
MUZYCHUK Mariya,2505,LAGARDE Maxime,2606,X - X,Sicilian Defense,classical,2020-05-20,Isle of Man Open,Douglas
KASPAROV Garry,2850,CARLSEN Magnus,2831,X - X,Italian Game,classical,2020-02-13,World Cup,Baku
ZHU Jiner,2514,NIEMANN Hans Moke,2734,X - X,French Defense,classical,2020-12-07,Isle of Man Open,Douglas
WEI Yi,2753,ABDUSATTOROV Nodirbek,2777,1 - 0,Sicilian Defense,rapid,2020-07-14,Grand Chess Tour Croatia,Zagreb
NEPOMNIACHTCHI Ian,2755,JU Wenjun,2563,0 - 1,King's Indian Defense,classical,2020-02-11,Candidates,Madrid
VIDIT Santosh Gujrathi,2739,ZHU Jiner,2514,X - X,Reti Opening,classical,2020-12-18,World Cup,Baku
ERIGAISI Arjun,2799,GUKESH D,2783,X - X,Berlin Defense,blitz,2020-03-31,Titled Tuesday,NA
LAGARDE Maxime,2606,PRAGGNANANDHAA R,2737,1 - 0,Sicilian Defense,rapid,2020-03-24,World Rapid Championship,Samarkand
VACHIER-LAGRAVE Maxime,2737,KASPAROV Garry,2850,1 - 0,Dutch Defense,classical,2020-09-06,Sinquefield Cup,Saint Louis
KRAMNIK Vladimir,2810,FIROUZJA Alireza,2763,X - X,English Opening,blitz,2020-05-26,Titled Tuesday,NA
ERIGAISI Arjun,2799,JU Wenjun,2563,0 - 1,Grunfeld Defense,classical,2020-03-04,Sinquefield Cup,Saint Louis
TAN Zhongyi,2551,SKRIPCHENKO Almira,2361,1 - 0,Vienna Game,classical,2020-10-29,Tata Steel,Wijk aan Zee
KASPAROV Garry,2850,ASSAUBAYEVA Bibisara,2488,X - X,Grunfeld Defense,classical,2020-09-30,Tata Steel,Wijk aan Zee
GUKESH D,2783,POLGAR Judith,2732,1 - 0,Larsen Opening,blitz,2020-05-29,World Blitz Championship,Dubai
DZAGNIDZE Nana,2518,DAULYTE-CORNETTE Deimante,2371,X - X,Berlin Defense,classical,2020-06-18,World Cup,Baku
FIROUZJA Alireza,2763,HOU Yifan,2633,1 - 0,Larsen Opening,rapid,2020-07-17,Grand Chess Tour Croatia,Zagreb
SCHIPPKE Manon,2272,DOMINGUEZ PEREZ Leinier,2741,1 - 0,English Opening,classical,2020-12-31,Tata Steel,Wijk aan Zee
MILLIET Sophie,2366,ANAND Viswanathan,2750,1 - 0,Queen's Gambit Accepted,rapid,2020-12-27,Grand Chess Tour Croatia,Zagreb
GUICHARD Pauline,2357,POLGAR Judith,2732,0 - 1,Pirc Defense,classical,2020-01-31,Sinquefield Cup,Saint Louis
ERIGAISI Arjun,2799,SKRIPCHENKO Almira,2361,0 - 1,Caro-Kann Defense,classical,2020-12-07,Sinquefield Cup,Saint Louis
WEI Yi,2753,VACHIER-LAGRAVE Maxime,2737,0 - 1,Petrov Defense,classical,2020-12-05,Candidates,Madrid
ASSAUBAYEVA Bibisara,2488,MOUSSARD Jules,2600,X - X,Berlin Defense,rapid,2020-06-19,Grand Chess Tour Croatia,Zagreb
LE Quang Liem,2739,FRESSINET Laurent,2605,X - X,King's Indian Defense,classical,2020-04-15,Norway Chess,Stavanger
DRONAVALLI Harika,2493,NAKAMURA Hikaru,2802,X - X,Italian Game,classical,2020-09-27,Tata Steel,Wijk aan Zee
ASSAUBAYEVA Bibisara,2488,KONERU Humpy,2530,1 - 0,Queen's Gambit Accepted,classical,2020-01-29,Isle of Man Open,Douglas
KASPAROV Garry,2850,GUKESH D,2783,X - X,Nimzo-Indian Defense,classical,2020-05-04,Candidates,Madrid
HEJAZIPOUR Mitra,2309,LAGNO Kateryna,2527,1 - 0,Dutch Defense,classical,2020-05-25,Tata Steel,Wijk aan Zee
HOU Yifan,2633,LAGNO Kateryna,2527,X - X,Reti Opening,rapid,2020-06-29,World Rapid Championship,Samarkand
NAVROTESCU Andreea,2338,ANAND Viswanathan,2750,1 - 0,Pirc Defense,rapid,2020-08-08,Grand Chess Tour Croatia,Zagreb
HEJAZIPOUR Mitra,2309,LAGARDE Maxime,2606,X - X,Berlin Defense,rapid,2020-09-01,Grand Chess Tour Croatia,Zagreb
BACROT Etienne,2653,WEI Yi,2753,X - X,Scotch Game,blitz,2020-02-29,World Blitz Championship,Dubai
MUZYCHUK Mariya,2505,FIROUZJA Alireza,2763,X - X,Queen's Gambit Accepted,classical,2020-02-05,Candidates,Madrid
SCHIPPKE Manon,2272,DRONAVALLI Harika,2493,X - X,Sicilian Defense,classical,2020-07-20,Sinquefield Cup,Saint Louis
MUZYCHUK Anna,2515,IGLESIAS Yosha,2296,X - X,Reti Opening,classical,2020-07-21,Isle of Man Open,Douglas
LAGARDE Maxime,2606,WEI Yi,2753,X - X,Petrov Defense,classical,2020-06-29,Tata Steel,Wijk aan Zee
DOMINGUEZ PEREZ Leinier,2741,ERIGAISI Arjun,2799,1 - 0,Scandinavian Defense,classical,2020-04-25,Sinquefield Cup,Saint Louis
FRESSINET Laurent,2605,SHUVALOVA Polina,2495,1 - 0,Alekhine Defense,classical,2020-08-24,Tata Steel,Wijk aan Zee
ASSAUBAYEVA Bibisara,2488,SKRIPCHENKO Almira,2361,0 - 1,Ruy Lopez,blitz,2020-06-03,World Blitz Championship,Dubai
WEI Yi,2753,FIROUZJA Alireza,2763,1 - 0,Vienna Game,classical,2020-12-25,Tata Steel,Wijk aan Zee
CARLSEN Magnus,2831,DZAGNIDZE Nana,2518,X - X,London System,classical,2020-05-24,Sinquefield Cup,Saint Louis
SCHIPPKE Manon,2272,LAGNO Kateryna,2527,X - X,Berlin Defense,classical,2020-10-14,Isle of Man Open,Douglas
DAULYTE-CORNETTE Deimante,2371,ANAND Viswanathan,2750,X - X,King's Indian Defense,rapid,2020-01-04,Grand Chess Tour Croatia,Zagreb
WEI Yi,2753,LE Quang Liem,2739,1 - 0,London System,rapid,2020-07-22,World Rapid Championship,Samarkand
MOUSSARD Jules,2600,LAGNO Kateryna,2527,X - X,Catalan Opening,rapid,2020-01-08,Grand Chess Tour Croatia,Zagreb
NEPOMNIACHTCHI Ian,2755,ABDUSATTOROV Nodirbek,2777,X - X,Pirc Defense,classical,2020-07-17,Norway Chess,Stavanger
HEJAZIPOUR Mitra,2309,SHUVALOVA Polina,2495,X - X,London System,classical,2020-11-09,Candidates,Madrid
VAISHALI Rameshbabu,2490,BACROT Etienne,2653,X - X,Queen's Gambit Accepted,classical,2020-05-22,Sinquefield Cup,Saint Louis
GUICHARD Pauline,2357,GORYACHKINA Aleksandra,2528,0 - 1,Alekhine Defense,classical,2020-07-19,Sinquefield Cup,Saint Louis
POLGAR Judith,2732,HOU Yifan,2633,X - X,Ruy Lopez,blitz,2020-04-01,World Blitz Championship,Dubai
IGLESIAS Yosha,2296,ARONIAN Levon,2739,X - X,Larsen Opening,rapid,2020-07-19,Grand Chess Tour Croatia,Zagreb
NEPOMNIACHTCHI Ian,2755,KEYMER Vincent,2733,X - X,French Defense,classical,2020-05-27,Tata Steel,Wijk aan Zee
TAN Zhongyi,2551,ANAND Viswanathan,2750,X - X,Italian Game,classical,2020-12-14,Candidates,Madrid
TAN Zhongyi,2551,SHUVALOVA Polina,2495,X - X,Nimzo-Indian Defense,classical,2020-09-04,Sinquefield Cup,Saint Louis
POLGAR Judith,2732,DAULYTE-CORNETTE Deimante,2371,X - X,Nimzo-Indian Defense,classical,2020-11-10,Norway Chess,Stavanger
KEYMER Vincent,2733,GUICHARD Pauline,2357,1 - 0,Dutch Defense,classical,2020-03-28,Norway Chess,Stavanger
POLGAR Judith,2732,NAKAMURA Hikaru,2802,X - X,Ruy Lopez,classical,2020-01-05,Sinquefield Cup,Saint Louis
ASSAUBAYEVA Bibisara,2488,SO Wesley,2747,X - X,Caro-Kann Defense,classical,2020-08-12,Candidates,Madrid
KONERU Humpy,2530,VAISHALI Rameshbabu,2490,0 - 1,Semi-Slav Defense,rapid,2020-06-06,Grand Chess Tour Croatia,Zagreb
ABDUSATTOROV Nodirbek,2777,KOSTENIUK Alexandra,2487,1 - 0,King's Indian Defense,classical,2020-09-18,Tata Steel,Wijk aan Zee
FRESSINET Laurent,2605,IGLESIAS Yosha,2296,0 - 1,Scotch Game,rapid,2020-09-04,World Rapid Championship,Samarkand
MUZYCHUK Anna,2515,GORYACHKINA Aleksandra,2528,1 - 0,Semi-Slav Defense,classical,2020-03-29,Isle of Man Open,Douglas
LEI Tingjie,2549,ANAND Viswanathan,2750,1 - 0,Petrov Defense,classical,2020-11-17,Norway Chess,Stavanger
DRONAVALLI Harika,2493,SAVINA Anastasia,2324,X - X,London System,classical,2020-08-12,Candidates,Madrid
VAISHALI Rameshbabu,2490,HOU Yifan,2633,0 - 1,French Defense,classical,2020-10-30,Sinquefield Cup,Saint Louis
NAKAMURA Hikaru,2802,PRAGGNANANDHAA R,2737,1 - 0,Pirc Defense,rapid,2020-10-02,World Rapid Championship,Samarkand
VIDIT Santosh Gujrathi,2739,HOU Yifan,2633,X - X,Alekhine Defense,classical,2020-02-10,Sinquefield Cup,Saint Louis
ABDUSATTOROV Nodirbek,2777,PRAGGNANANDHAA R,2737,0 - 1,London System,classical,2020-08-09,Tata Steel,Wijk aan Zee
KRAMNIK Vladimir,2810,MOUSSARD Jules,2600,X - X,Ruy Lopez,classical,2020-03-28,Isle of Man Open,Douglas
BACROT Etienne,2653,WEI Yi,2753,1 - 0,Catalan Opening,blitz,2020-06-26,World Blitz Championship,Dubai
VACHIER-LAGRAVE Maxime,2737,CARLSEN Magnus,2831,0 - 1,Pirc Defense,classical,2020-09-06,World Cup,Baku
DING Liren,2728,ERIGAISI Arjun,2799,X - X,Reti Opening,classical,2020-05-07,Tata Steel,Wijk aan Zee
PRAGGNANANDHAA R,2737,SAVINA Anastasia,2324,1 - 0,King's Indian Defense,rapid,2020-02-03,World Rapid Championship,Samarkand
SHUVALOVA Polina,2495,SKRIPCHENKO Almira,2361,X - X,Alekhine Defense,classical,2020-08-26,Sinquefield Cup,Saint Louis
IGLESIAS Yosha,2296,KRAMNIK Vladimir,2810,0 - 1,Grunfeld Defense,classical,2020-10-21,Tata Steel,Wijk aan Zee
ABDUSATTOROV Nodirbek,2777,LE Quang Liem,2739,X - X,Ruy Lopez,rapid,2020-04-30,Grand Chess Tour Croatia,Zagreb
VAISHALI Rameshbabu,2490,KEYMER Vincent,2733,X - X,Scotch Game,classical,2020-07-07,Sinquefield Cup,Saint Louis
DAULYTE-CORNETTE Deimante,2371,MOUSSARD Jules,2600,X - X,King's Indian Defense,classical,2020-07-29,Candidates,Madrid
CARUANA Fabiano,2805,VIDIT Santosh Gujrathi,2739,X - X,London System,classical,2020-09-21,Isle of Man Open,Douglas
SEBAG Marie,2448,DRONAVALLI Harika,2493,1 - 0,Semi-Slav Defense,blitz,2020-01-04,Titled Tuesday,NA
NAVROTESCU Andreea,2338,CARUANA Fabiano,2805,X - X,Grunfeld Defense,blitz,2020-04-20,Titled Tuesday,NA
SCHIPPKE Manon,2272,MILLIET Sophie,2366,X - X,Berlin Defense,rapid,2020-04-16,Grand Chess Tour Croatia,Zagreb
FRESSINET Laurent,2605,MUZYCHUK Mariya,2505,0 - 1,Sicilian Defense,classical,2020-10-30,World Cup,Baku
KASPAROV Garry,2850,TAN Zhongyi,2551,X - X,Pirc Defense,classical,2020-07-21,World Cup,Baku
ARONIAN Levon,2739,HOU Yifan,2633,X - X,Scotch Game,classical,2020-11-09,Candidates,Madrid
SAVINA Anastasia,2324,POLGAR Judith,2732,X - X,Scandinavian Defense,classical,2020-12-21,Candidates,Madrid
MAMEDYAROV Shakhriyar,2738,SEBAG Marie,2448,X - X,French Defense,rapid,2020-08-27,Grand Chess Tour Croatia,Zagreb
ASSAUBAYEVA Bibisara,2488,ERIGAISI Arjun,2799,X - X,Scotch Game,classical,2020-09-05,Isle of Man Open,Douglas
SO Wesley,2747,ZHU Jiner,2514,1 - 0,Larsen Opening,classical,2020-01-11,Tata Steel,Wijk aan Zee
LE Quang Liem,2739,LAGARDE Maxime,2606,1 - 0,French Defense,classical,2020-12-23,Sinquefield Cup,Saint Louis
CARUANA Fabiano,2805,FIROUZJA Alireza,2763,X - X,King's Indian Defense,classical,2020-11-09,Candidates,Madrid
MUZYCHUK Anna,2515,ZHU Jiner,2514,X - X,Pirc Defense,blitz,2020-10-09,World Blitz Championship,Dubai
DOMINGUEZ PEREZ Leinier,2741,BACROT Etienne,2653,1 - 0,Dutch Defense,classical,2020-12-31,Norway Chess,Stavanger
DOMINGUEZ PEREZ Leinier,2741,LAGARDE Maxime,2606,X - X,English Opening,rapid,2020-06-20,Grand Chess Tour Croatia,Zagreb
PRAGGNANANDHAA R,2737,DUDA Jan-Krzysztof,2740,0 - 1,Pirc Defense,classical,2020-08-30,Sinquefield Cup,Saint Louis
DING Liren,2728,SKRIPCHENKO Almira,2361,1 - 0,Grunfeld Defense,rapid,2020-06-01,Grand Chess Tour Croatia,Zagreb
HEJAZIPOUR Mitra,2309,LAGARDE Maxime,2606,1 - 0,French Defense,classical,2020-04-24,Tata Steel,Wijk aan Zee
ABDUSATTOROV Nodirbek,2777,JU Wenjun,2563,X - X,Reti Opening,rapid,2020-08-08,World Rapid Championship,Samarkand
MUZYCHUK Anna,2515,WEI Yi,2753,X - X,Reti Opening,blitz,2020-04-06,World Blitz Championship,Dubai
ERIGAISI Arjun,2799,KASHLINSKAYA Alina,2493,0 - 1,Caro-Kann Defense,classical,2020-09-20,Tata Steel,Wijk aan Zee
MILLIET Sophie,2366,ARONIAN Levon,2739,X - X,Catalan Opening,rapid,2020-05-05,Grand Chess Tour Croatia,Zagreb
FRESSINET Laurent,2605,DRONAVALLI Harika,2493,X - X,Grunfeld Defense,classical,2020-07-18,Sinquefield Cup,Saint Louis
ERIGAISI Arjun,2799,NIEMANN Hans Moke,2734,X - X,Queen's Gambit Accepted,classical,2020-10-22,Candidates,Madrid
HEJAZIPOUR Mitra,2309,NAVROTESCU Andreea,2338,X - X,Dutch Defense,rapid,2020-09-29,World Rapid Championship,Samarkand
CARUANA Fabiano,2805,NEPOMNIACHTCHI Ian,2755,X - X,Larsen Opening,classical,2020-10-09,Sinquefield Cup,Saint Louis
ARONIAN Levon,2739,LEI Tingjie,2549,0 - 1,Sicilian Defense,classical,2020-12-02,Sinquefield Cup,Saint Louis
GUICHARD Pauline,2357,MUZYCHUK Anna,2515,1 - 0,French Defense,classical,2020-11-13,Tata Steel,Wijk aan Zee
CARUANA Fabiano,2805,VIDIT Santosh Gujrathi,2739,1 - 0,Pirc Defense,classical,2020-08-03,World Cup,Baku
KRAMNIK Vladimir,2810,KASHLINSKAYA Alina,2493,X - X,King's Indian Defense,rapid,2020-03-25,Grand Chess Tour Croatia,Zagreb
DRONAVALLI Harika,2493,MILLIET Sophie,2366,1 - 0,Ruy Lopez,blitz,2020-02-06,World Blitz Championship,Dubai
MILLIET Sophie,2366,GUICHARD Pauline,2357,X - X,London System,blitz,2020-08-06,Titled Tuesday,NA
JU Wenjun,2563,GUKESH D,2783,X - X,Queen's Gambit Accepted,classical,2020-09-17,Tata Steel,Wijk aan Zee
MUZYCHUK Anna,2515,SO Wesley,2747,X - X,French Defense,classical,2020-11-02,Norway Chess,Stavanger
GUICHARD Pauline,2357,VIDIT Santosh Gujrathi,2739,0 - 1,Dutch Defense,rapid,2020-04-07,Grand Chess Tour Croatia,Zagreb
NEPOMNIACHTCHI Ian,2755,KEYMER Vincent,2733,X - X,London System,classical,2020-11-05,Sinquefield Cup,Saint Louis
ZHU Jiner,2514,KEYMER Vincent,2733,X - X,English Opening,rapid,2020-05-14,World Rapid Championship,Samarkand
HEJAZIPOUR Mitra,2309,ARONIAN Levon,2739,0 - 1,Dutch Defense,classical,2020-03-04,Sinquefield Cup,Saint Louis
SHUVALOVA Polina,2495,GUICHARD Pauline,2357,1 - 0,French Defense,blitz,2020-06-23,Titled Tuesday,NA
SAVINA Anastasia,2324,FRESSINET Laurent,2605,1 - 0,King's Indian Defense,classical,2020-01-05,Tata Steel,Wijk aan Zee
KASPAROV Garry,2850,KOSTENIUK Alexandra,2487,X - X,Berlin Defense,rapid,2020-06-26,Grand Chess Tour Croatia,Zagreb
MOUSSARD Jules,2600,LE Quang Liem,2739,X - X,Grunfeld Defense,rapid,2020-03-28,World Rapid Championship,Samarkand
MILLIET Sophie,2366,SAVINA Anastasia,2324,X - X,Nimzo-Indian Defense,classical,2020-07-28,Candidates,Madrid
GIRI Anish,2733,KONERU Humpy,2530,1 - 0,Dutch Defense,classical,2020-04-04,Candidates,Madrid
LEI Tingjie,2549,TAN Zhongyi,2551,0 - 1,Scandinavian Defense,rapid,2020-04-20,Grand Chess Tour Croatia,Zagreb
POLGAR Judith,2732,NAVROTESCU Andreea,2338,1 - 0,Vienna Game,classical,2020-08-02,Norway Chess,Stavanger
VIDIT Santosh Gujrathi,2739,NEPOMNIACHTCHI Ian,2755,X - X,Semi-Slav Defense,classical,2020-03-16,Sinquefield Cup,Saint Louis
CARUANA Fabiano,2805,KONERU Humpy,2530,0 - 1,Grunfeld Defense,classical,2020-12-30,Sinquefield Cup,Saint Louis
ZHU Jiner,2514,NIEMANN Hans Moke,2734,0 - 1,French Defense,classical,2020-06-18,World Cup,Baku
LEI Tingjie,2549,KEYMER Vincent,2733,X - X,Sicilian Defense,classical,2020-07-24,Tata Steel,Wijk aan Zee
GIRI Anish,2733,LAGNO Kateryna,2527,X - X,Sicilian Defense,classical,2020-08-17,World Cup,Baku
DING Liren,2728,KRAMNIK Vladimir,2810,X - X,Grunfeld Defense,classical,2020-12-18,Tata Steel,Wijk aan Zee
DRONAVALLI Harika,2493,KOSTENIUK Alexandra,2487,X - X,Reti Opening,classical,2020-02-16,Isle of Man Open,Douglas
DRONAVALLI Harika,2493,IGLESIAS Yosha,2296,1 - 0,Grunfeld Defense,classical,2020-01-16,Norway Chess,Stavanger
DOMINGUEZ PEREZ Leinier,2741,HOU Yifan,2633,1 - 0,Petrov Defense,classical,2020-11-07,Sinquefield Cup,Saint Louis
SAVINA Anastasia,2324,ERIGAISI Arjun,2799,X - X,Nimzo-Indian Defense,blitz,2020-11-11,Titled Tuesday,NA
DUDA Jan-Krzysztof,2740,SKRIPCHENKO Almira,2361,X - X,Vienna Game,classical,2020-12-24,Norway Chess,Stavanger
FRESSINET Laurent,2605,SAVINA Anastasia,2324,X - X,Ruy Lopez,classical,2020-06-07,Tata Steel,Wijk aan Zee
KASHLINSKAYA Alina,2493,SHUVALOVA Polina,2495,1 - 0,Queen's Gambit Accepted,classical,2020-11-04,Candidates,Madrid
FRESSINET Laurent,2605,GUICHARD Pauline,2357,X - X,Larsen Opening,classical,2020-09-06,Tata Steel,Wijk aan Zee
ABDUSATTOROV Nodirbek,2777,GUKESH D,2783,X - X,English Opening,classical,2020-02-07,Candidates,Madrid
POLGAR Judith,2732,NAVROTESCU Andreea,2338,1 - 0,Sicilian Defense,classical,2020-03-28,Candidates,Madrid
NEPOMNIACHTCHI Ian,2755,NIEMANN Hans Moke,2734,X - X,Italian Game,classical,2020-05-10,Tata Steel,Wijk aan Zee
ASSAUBAYEVA Bibisara,2488,KEYMER Vincent,2733,X - X,Sicilian Defense,classical,2020-11-17,Candidates,Madrid
ERIGAISI Arjun,2799,NEPOMNIACHTCHI Ian,2755,0 - 1,Pirc Defense,rapid,2020-03-09,Grand Chess Tour Croatia,Zagreb
SAVINA Anastasia,2324,SCHIPPKE Manon,2272,X - X,Semi-Slav Defense,classical,2020-11-21,Candidates,Madrid
DAULYTE-CORNETTE Deimante,2371,MILLIET Sophie,2366,1 - 0,Larsen Opening,classical,2020-02-28,Candidates,Madrid
GUICHARD Pauline,2357,GORYACHKINA Aleksandra,2528,X - X,French Defense,rapid,2020-09-15,Grand Chess Tour Croatia,Zagreb
LAGNO Kateryna,2527,HEJAZIPOUR Mitra,2309,X - X,Nimzo-Indian Defense,classical,2020-08-21,Candidates,Madrid
PRAGGNANANDHAA R,2737,LE Quang Liem,2739,1 - 0,Larsen Opening,rapid,2020-08-17,Grand Chess Tour Croatia,Zagreb
VIDIT Santosh Gujrathi,2739,KOSTENIUK Alexandra,2487,1 - 0,Nimzo-Indian Defense,classical,2020-03-22,Tata Steel,Wijk aan Zee
KEYMER Vincent,2733,DUDA Jan-Krzysztof,2740,1 - 0,Larsen Opening,classical,2020-04-06,World Cup,Baku
MUZYCHUK Anna,2515,KRAMNIK Vladimir,2810,X - X,Dutch Defense,classical,2020-12-11,Tata Steel,Wijk aan Zee
NAVROTESCU Andreea,2338,MAMEDYAROV Shakhriyar,2738,X - X,Caro-Kann Defense,classical,2020-05-30,Tata Steel,Wijk aan Zee
MUZYCHUK Mariya,2505,DOMINGUEZ PEREZ Leinier,2741,X - X,Dutch Defense,classical,2020-09-01,Norway Chess,Stavanger
LEI Tingjie,2549,FRESSINET Laurent,2605,X - X,Queen's Gambit Accepted,classical,2020-07-21,Candidates,Madrid
BACROT Etienne,2653,SAVINA Anastasia,2324,X - X,Scotch Game,classical,2020-08-29,Tata Steel,Wijk aan Zee
GUICHARD Pauline,2357,FRESSINET Laurent,2605,X - X,Semi-Slav Defense,classical,2020-02-18,Norway Chess,Stavanger
SKRIPCHENKO Almira,2361,DOMINGUEZ PEREZ Leinier,2741,1 - 0,Scandinavian Defense,classical,2020-08-22,Sinquefield Cup,Saint Louis
BACROT Etienne,2653,DUDA Jan-Krzysztof,2740,1 - 0,Semi-Slav Defense,classical,2020-10-06,Isle of Man Open,Douglas
SCHIPPKE Manon,2272,DING Liren,2728,X - X,Reti Opening,classical,2020-01-27,Tata Steel,Wijk aan Zee
KOSTENIUK Alexandra,2487,KRAMNIK Vladimir,2810,1 - 0,Vienna Game,classical,2020-08-16,Candidates,Madrid
DZAGNIDZE Nana,2518,HEJAZIPOUR Mitra,2309,0 - 1,Italian Game,classical,2020-09-13,Tata Steel,Wijk aan Zee
DUDA Jan-Krzysztof,2740,SO Wesley,2747,X - X,English Opening,classical,2020-04-27,Sinquefield Cup,Saint Louis
GUKESH D,2783,ERIGAISI Arjun,2799,X - X,Sicilian Defense,classical,2020-08-26,Sinquefield Cup,Saint Louis
POLGAR Judith,2732,CARLSEN Magnus,2831,0 - 1,Vienna Game,rapid,2020-02-11,Grand Chess Tour Croatia,Zagreb
ASSAUBAYEVA Bibisara,2488,SCHIPPKE Manon,2272,1 - 0,Semi-Slav Defense,rapid,2020-12-02,Grand Chess Tour Croatia,Zagreb
MUZYCHUK Anna,2515,DOMINGUEZ PEREZ Leinier,2741,X - X,Sicilian Defense,classical,2020-08-18,Sinquefield Cup,Saint Louis
VIDIT Santosh Gujrathi,2739,KASPAROV Garry,2850,X - X,Nimzo-Indian Defense,classical,2020-02-10,Candidates,Madrid
MUZYCHUK Anna,2515,FIROUZJA Alireza,2763,1 - 0,Larsen Opening,blitz,2020-02-23,Titled Tuesday,NA
IGLESIAS Yosha,2296,NEPOMNIACHTCHI Ian,2755,X - X,Semi-Slav Defense,classical,2020-02-29,Candidates,Madrid
VAISHALI Rameshbabu,2490,TAN Zhongyi,2551,X - X,Vienna Game,classical,2020-10-11,Candidates,Madrid
DOMINGUEZ PEREZ Leinier,2741,FRESSINET Laurent,2605,X - X,London System,classical,2020-02-03,World Cup,Baku
NAKAMURA Hikaru,2802,ANAND Viswanathan,2750,0 - 1,Caro-Kann Defense,rapid,2020-12-12,Grand Chess Tour Croatia,Zagreb
FIROUZJA Alireza,2763,KASHLINSKAYA Alina,2493,0 - 1,King's Indian Defense,classical,2020-10-30,Isle of Man Open,Douglas
BACROT Etienne,2653,GIRI Anish,2733,0 - 1,London System,classical,2020-07-27,Tata Steel,Wijk aan Zee
DAULYTE-CORNETTE Deimante,2371,DRONAVALLI Harika,2493,X - X,Reti Opening,classical,2020-08-20,Sinquefield Cup,Saint Louis
SEBAG Marie,2448,JU Wenjun,2563,X - X,Queen's Gambit Accepted,classical,2020-02-16,Tata Steel,Wijk aan Zee
SEBAG Marie,2448,NIEMANN Hans Moke,2734,X - X,Sicilian Defense,classical,2020-01-28,Isle of Man Open,Douglas
MUZYCHUK Mariya,2505,NAKAMURA Hikaru,2802,0 - 1,Italian Game,classical,2020-08-20,Sinquefield Cup,Saint Louis
SCHIPPKE Manon,2272,IGLESIAS Yosha,2296,X - X,Nimzo-Indian Defense,classical,2020-09-12,Sinquefield Cup,Saint Louis
GUICHARD Pauline,2357,HEJAZIPOUR Mitra,2309,X - X,Berlin Defense,classical,2020-02-01,Sinquefield Cup,Saint Louis
CARUANA Fabiano,2805,LAGNO Kateryna,2527,1 - 0,Larsen Opening,rapid,2020-11-21,Grand Chess Tour Croatia,Zagreb
DUDA Jan-Krzysztof,2740,IGLESIAS Yosha,2296,0 - 1,Larsen Opening,rapid,2020-03-14,Grand Chess Tour Croatia,Zagreb
VACHIER-LAGRAVE Maxime,2737,DING Liren,2728,1 - 0,Scandinavian Defense,blitz,2020-03-08,Titled Tuesday,NA
VIDIT Santosh Gujrathi,2739,CARLSEN Magnus,2831,X - X,Reti Opening,rapid,2020-09-08,World Rapid Championship,Samarkand
DRONAVALLI Harika,2493,ANAND Viswanathan,2750,0 - 1,Vienna Game,classical,2020-01-10,Isle of Man Open,Douglas
ZHU Jiner,2514,BACROT Etienne,2653,0 - 1,Scotch Game,rapid,2020-04-05,Grand Chess Tour Croatia,Zagreb
FRESSINET Laurent,2605,VIDIT Santosh Gujrathi,2739,1 - 0,Nimzo-Indian Defense,classical,2020-07-25,Candidates,Madrid
PRAGGNANANDHAA R,2737,ABDUSATTOROV Nodirbek,2777,X - X,Nimzo-Indian Defense,rapid,2020-07-01,Grand Chess Tour Croatia,Zagreb
VACHIER-LAGRAVE Maxime,2737,DING Liren,2728,X - X,Alekhine Defense,rapid,2020-06-29,Grand Chess Tour Croatia,Zagreb
LAGNO Kateryna,2527,KRAMNIK Vladimir,2810,1 - 0,French Defense,rapid,2020-10-03,Grand Chess Tour Croatia,Zagreb
SEBAG Marie,2448,POLGAR Judith,2732,1 - 0,Catalan Opening,classical,2020-06-03,Sinquefield Cup,Saint Louis
ERIGAISI Arjun,2799,SEBAG Marie,2448,1 - 0,English Opening,classical,2020-02-09,Sinquefield Cup,Saint Louis
PRAGGNANANDHAA R,2737,JU Wenjun,2563,X - X,Queen's Gambit Accepted,rapid,2020-01-10,Grand Chess Tour Croatia,Zagreb
VACHIER-LAGRAVE Maxime,2737,IGLESIAS Yosha,2296,X - X,Caro-Kann Defense,classical,2020-03-11,Tata Steel,Wijk aan Zee
LEI Tingjie,2549,DOMINGUEZ PEREZ Leinier,2741,1 - 0,London System,classical,2020-12-27,Sinquefield Cup,Saint Louis
DOMINGUEZ PEREZ Leinier,2741,CARUANA Fabiano,2805,0 - 1,Scotch Game,rapid,2020-07-24,World Rapid Championship,Samarkand
DING Liren,2728,KASHLINSKAYA Alina,2493,X - X,Catalan Opening,classical,2020-04-06,Sinquefield Cup,Saint Louis
ASSAUBAYEVA Bibisara,2488,TAN Zhongyi,2551,1 - 0,Catalan Opening,classical,2020-05-29,Norway Chess,Stavanger
VIDIT Santosh Gujrathi,2739,GUICHARD Pauline,2357,X - X,Italian Game,classical,2020-03-17,Candidates,Madrid
ABDUSATTOROV Nodirbek,2777,DRONAVALLI Harika,2493,X - X,Nimzo-Indian Defense,rapid,2020-08-11,World Rapid Championship,Samarkand
SKRIPCHENKO Almira,2361,LAGNO Kateryna,2527,1 - 0,Queen's Gambit Accepted,classical,2020-12-16,Isle of Man Open,Douglas
CARUANA Fabiano,2805,KONERU Humpy,2530,1 - 0,Catalan Opening,classical,2020-11-19,Norway Chess,Stavanger
DZAGNIDZE Nana,2518,MILLIET Sophie,2366,1 - 0,English Opening,rapid,2020-07-06,Grand Chess Tour Croatia,Zagreb
KOSTENIUK Alexandra,2487,ANAND Viswanathan,2750,X - X,Ruy Lopez,rapid,2020-08-24,World Rapid Championship,Samarkand
LAGARDE Maxime,2606,SO Wesley,2747,X - X,Alekhine Defense,classical,2020-05-06,World Cup,Baku
KRAMNIK Vladimir,2810,DAULYTE-CORNETTE Deimante,2371,1 - 0,Scotch Game,classical,2020-12-28,Tata Steel,Wijk aan Zee
SEBAG Marie,2448,KRAMNIK Vladimir,2810,0 - 1,Larsen Opening,rapid,2020-04-08,Grand Chess Tour Croatia,Zagreb
DAULYTE-CORNETTE Deimante,2371,LEI Tingjie,2549,X - X,Grunfeld Defense,classical,2020-10-27,Isle of Man Open,Douglas
WEI Yi,2753,DRONAVALLI Harika,2493,X - X,Semi-Slav Defense,classical,2020-04-08,Candidates,Madrid
DING Liren,2728,SAVINA Anastasia,2324,1 - 0,Berlin Defense,blitz,2020-10-15,Titled Tuesday,NA
FIROUZJA Alireza,2763,TAN Zhongyi,2551,1 - 0,Semi-Slav Defense,rapid,2020-03-31,Grand Chess Tour Croatia,Zagreb
KRAMNIK Vladimir,2810,GIRI Anish,2733,X - X,Italian Game,rapid,2020-09-07,Grand Chess Tour Croatia,Zagreb
DUDA Jan-Krzysztof,2740,KONERU Humpy,2530,X - X,Queen's Gambit Accepted,classical,2020-01-17,Sinquefield Cup,Saint Louis
KASHLINSKAYA Alina,2493,KEYMER Vincent,2733,X - X,Berlin Defense,classical,2020-12-28,Sinquefield Cup,Saint Louis
KASHLINSKAYA Alina,2493,MUZYCHUK Anna,2515,0 - 1,Pirc Defense,classical,2020-12-05,Isle of Man Open,Douglas
MUZYCHUK Mariya,2505,POLGAR Judith,2732,1 - 0,Berlin Defense,classical,2020-12-26,Tata Steel,Wijk aan Zee
HOU Yifan,2633,SHUVALOVA Polina,2495,1 - 0,Ruy Lopez,classical,2020-10-14,Candidates,Madrid
PRAGGNANANDHAA R,2737,VIDIT Santosh Gujrathi,2739,X - X,Sicilian Defense,rapid,2020-05-31,Grand Chess Tour Croatia,Zagreb
KONERU Humpy,2530,NEPOMNIACHTCHI Ian,2755,0 - 1,Vienna Game,rapid,2020-02-18,World Rapid Championship,Samarkand
NEPOMNIACHTCHI Ian,2755,KASPAROV Garry,2850,0 - 1,Dutch Defense,rapid,2020-07-28,Grand Chess Tour Croatia,Zagreb
NIEMANN Hans Moke,2734,SHUVALOVA Polina,2495,X - X,Berlin Defense,rapid,2020-04-20,Grand Chess Tour Croatia,Zagreb
IGLESIAS Yosha,2296,KONERU Humpy,2530,1 - 0,London System,classical,2020-11-05,Sinquefield Cup,Saint Louis
DING Liren,2728,DUDA Jan-Krzysztof,2740,1 - 0,Semi-Slav Defense,classical,2020-01-31,Tata Steel,Wijk aan Zee
CARUANA Fabiano,2805,IGLESIAS Yosha,2296,X - X,Sicilian Defense,rapid,2020-01-02,World Rapid Championship,Samarkand
KEYMER Vincent,2733,GORYACHKINA Aleksandra,2528,X - X,King's Indian Defense,classical,2020-05-31,Sinquefield Cup,Saint Louis
NIEMANN Hans Moke,2734,DING Liren,2728,X - X,Alekhine Defense,rapid,2020-04-07,Grand Chess Tour Croatia,Zagreb
KASPAROV Garry,2850,ARONIAN Levon,2739,X - X,French Defense,rapid,2020-02-19,Grand Chess Tour Croatia,Zagreb
VAISHALI Rameshbabu,2490,CARUANA Fabiano,2805,X - X,Petrov Defense,blitz,2020-10-01,World Blitz Championship,Dubai
HOU Yifan,2633,JU Wenjun,2563,0 - 1,King's Indian Defense,classical,2020-06-27,Tata Steel,Wijk aan Zee
NAVROTESCU Andreea,2338,ANAND Viswanathan,2750,X - X,French Defense,classical,2020-06-06,Tata Steel,Wijk aan Zee
LEI Tingjie,2549,NIEMANN Hans Moke,2734,1 - 0,Semi-Slav Defense,classical,2020-08-19,Tata Steel,Wijk aan Zee
MOUSSARD Jules,2600,GORYACHKINA Aleksandra,2528,X - X,Caro-Kann Defense,classical,2020-04-10,Isle of Man Open,Douglas
MUZYCHUK Anna,2515,NAVROTESCU Andreea,2338,X - X,French Defense,blitz,2020-11-29,Titled Tuesday,NA
POLGAR Judith,2732,BACROT Etienne,2653,X - X,Italian Game,classical,2020-09-23,Sinquefield Cup,Saint Louis
TAN Zhongyi,2551,GORYACHKINA Aleksandra,2528,X - X,Semi-Slav Defense,classical,2020-02-26,World Cup,Baku
SCHIPPKE Manon,2272,BACROT Etienne,2653,1 - 0,Scandinavian Defense,classical,2020-11-05,Isle of Man Open,Douglas
NAKAMURA Hikaru,2802,MAMEDYAROV Shakhriyar,2738,1 - 0,Reti Opening,blitz,2020-04-16,Titled Tuesday,NA
MILLIET Sophie,2366,GUKESH D,2783,1 - 0,Queen's Gambit Accepted,rapid,2020-12-07,Grand Chess Tour Croatia,Zagreb
MOUSSARD Jules,2600,JU Wenjun,2563,X - X,English Opening,classical,2020-12-15,Tata Steel,Wijk aan Zee
MAMEDYAROV Shakhriyar,2738,SHUVALOVA Polina,2495,X - X,Scotch Game,classical,2020-01-09,Sinquefield Cup,Saint Louis
FRESSINET Laurent,2605,SAVINA Anastasia,2324,X - X,Alekhine Defense,classical,2020-02-05,Sinquefield Cup,Saint Louis
HEJAZIPOUR Mitra,2309,SEBAG Marie,2448,X - X,Ruy Lopez,classical,2020-11-29,Candidates,Madrid
KONERU Humpy,2530,BACROT Etienne,2653,0 - 1,Queen's Gambit Accepted,blitz,2020-03-18,Titled Tuesday,NA
NAKAMURA Hikaru,2802,ANAND Viswanathan,2750,1 - 0,Petrov Defense,classical,2020-10-02,Isle of Man Open,Douglas
NIEMANN Hans Moke,2734,LEI Tingjie,2549,X - X,French Defense,classical,2020-08-16,Tata Steel,Wijk aan Zee
POLGAR Judith,2732,ABDUSATTOROV Nodirbek,2777,0 - 1,Reti Opening,classical,2020-07-30,World Cup,Baku
SKRIPCHENKO Almira,2361,CARLSEN Magnus,2831,1 - 0,Italian Game,rapid,2020-04-23,Grand Chess Tour Croatia,Zagreb
MOUSSARD Jules,2600,HOU Yifan,2633,1 - 0,Scandinavian Defense,classical,2020-11-07,Sinquefield Cup,Saint Louis
ZHU Jiner,2514,DZAGNIDZE Nana,2518,1 - 0,French Defense,classical,2020-05-05,Norway Chess,Stavanger
VIDIT Santosh Gujrathi,2739,GIRI Anish,2733,X - X,Caro-Kann Defense,blitz,2020-09-06,Titled Tuesday,NA
HOU Yifan,2633,SEBAG Marie,2448,1 - 0,Scotch Game,classical,2020-02-14,Candidates,Madrid
VACHIER-LAGRAVE Maxime,2737,JU Wenjun,2563,1 - 0,Scotch Game,blitz,2020-07-12,Titled Tuesday,NA
DZAGNIDZE Nana,2518,ARONIAN Levon,2739,X - X,Scandinavian Defense,classical,2020-11-18,Candidates,Madrid
POLGAR Judith,2732,CARUANA Fabiano,2805,1 - 0,Caro-Kann Defense,classical,2020-05-24,Sinquefield Cup,Saint Louis
DING Liren,2728,KRAMNIK Vladimir,2810,1 - 0,Scotch Game,blitz,2020-02-09,World Blitz Championship,Dubai
ANAND Viswanathan,2750,SKRIPCHENKO Almira,2361,X - X,Nimzo-Indian Defense,classical,2020-09-21,World Cup,Baku
KRAMNIK Vladimir,2810,VACHIER-LAGRAVE Maxime,2737,X - X,French Defense,classical,2020-12-25,Tata Steel,Wijk aan Zee
NAVROTESCU Andreea,2338,LAGARDE Maxime,2606,1 - 0,Larsen Opening,blitz,2020-10-11,Titled Tuesday,NA
GORYACHKINA Aleksandra,2528,NAKAMURA Hikaru,2802,0 - 1,Scandinavian Defense,classical,2020-06-27,Candidates,Madrid
POLGAR Judith,2732,MAMEDYAROV Shakhriyar,2738,1 - 0,Caro-Kann Defense,blitz,2020-04-02,Titled Tuesday,NA
SEBAG Marie,2448,NAKAMURA Hikaru,2802,X - X,Semi-Slav Defense,classical,2020-02-23,Norway Chess,Stavanger
KONERU Humpy,2530,DUDA Jan-Krzysztof,2740,1 - 0,King's Indian Defense,classical,2020-08-05,Tata Steel,Wijk aan Zee
ZHU Jiner,2514,LEI Tingjie,2549,X - X,Ruy Lopez,classical,2020-09-21,Isle of Man Open,Douglas
DRONAVALLI Harika,2493,SO Wesley,2747,X - X,Queen's Gambit Accepted,blitz,2020-05-04,World Blitz Championship,Dubai
ARONIAN Levon,2739,KOSTENIUK Alexandra,2487,X - X,Reti Opening,rapid,2020-04-11,Grand Chess Tour Croatia,Zagreb
POLGAR Judith,2732,DING Liren,2728,1 - 0,Semi-Slav Defense,rapid,2020-06-15,Grand Chess Tour Croatia,Zagreb
POLGAR Judith,2732,NAKAMURA Hikaru,2802,1 - 0,Ruy Lopez,classical,2020-12-31,Candidates,Madrid
WEI Yi,2753,KRAMNIK Vladimir,2810,1 - 0,English Opening,classical,2020-07-02,Sinquefield Cup,Saint Louis
DAULYTE-CORNETTE Deimante,2371,HEJAZIPOUR Mitra,2309,X - X,Caro-Kann Defense,classical,2020-02-08,Tata Steel,Wijk aan Zee
SO Wesley,2747,DZAGNIDZE Nana,2518,X - X,King's Indian Defense,classical,2020-04-25,Isle of Man Open,Douglas
JU Wenjun,2563,ARONIAN Levon,2739,X - X,Queen's Gambit Accepted,classical,2020-08-16,Candidates,Madrid
ABDUSATTOROV Nodirbek,2777,SO Wesley,2747,1 - 0,Queen's Gambit Accepted,classical,2020-05-09,Sinquefield Cup,Saint Louis
TAN Zhongyi,2551,DZAGNIDZE Nana,2518,X - X,Alekhine Defense,classical,2020-01-28,Tata Steel,Wijk aan Zee
NAKAMURA Hikaru,2802,HOU Yifan,2633,1 - 0,Berlin Defense,classical,2020-08-23,Sinquefield Cup,Saint Louis
ARONIAN Levon,2739,SO Wesley,2747,1 - 0,Nimzo-Indian Defense,classical,2020-03-23,Tata Steel,Wijk aan Zee
DING Liren,2728,MUZYCHUK Anna,2515,0 - 1,Caro-Kann Defense,rapid,2020-10-01,Grand Chess Tour Croatia,Zagreb
NEPOMNIACHTCHI Ian,2755,BACROT Etienne,2653,X - X,Caro-Kann Defense,classical,2020-11-07,Candidates,Madrid
SEBAG Marie,2448,LE Quang Liem,2739,X - X,Pirc Defense,rapid,2020-07-14,Grand Chess Tour Croatia,Zagreb
DUDA Jan-Krzysztof,2740,LE Quang Liem,2739,0 - 1,Dutch Defense,classical,2020-12-12,Candidates,Madrid
IGLESIAS Yosha,2296,KASHLINSKAYA Alina,2493,0 - 1,Nimzo-Indian Defense,classical,2020-10-26,Candidates,Madrid
GIRI Anish,2733,ZHU Jiner,2514,1 - 0,Pirc Defense,rapid,2020-01-29,Grand Chess Tour Croatia,Zagreb
DOMINGUEZ PEREZ Leinier,2741,DRONAVALLI Harika,2493,X - X,London System,classical,2020-05-12,Sinquefield Cup,Saint Louis
LAGARDE Maxime,2606,GIRI Anish,2733,1 - 0,Larsen Opening,rapid,2020-06-25,Grand Chess Tour Croatia,Zagreb
KEYMER Vincent,2733,ARONIAN Levon,2739,0 - 1,Caro-Kann Defense,blitz,2020-02-11,Titled Tuesday,NA
SKRIPCHENKO Almira,2361,MUZYCHUK Mariya,2505,1 - 0,Pirc Defense,rapid,2020-03-22,Grand Chess Tour Croatia,Zagreb
DRONAVALLI Harika,2493,POLGAR Judith,2732,1 - 0,Dutch Defense,rapid,2020-06-13,Grand Chess Tour Croatia,Zagreb
BACROT Etienne,2653,SEBAG Marie,2448,1 - 0,Petrov Defense,classical,2020-02-26,Tata Steel,Wijk aan Zee
PRAGGNANANDHAA R,2737,KONERU Humpy,2530,1 - 0,Catalan Opening,classical,2020-10-01,Isle of Man Open,Douglas
MAMEDYAROV Shakhriyar,2738,DING Liren,2728,0 - 1,Scotch Game,blitz,2020-09-22,World Blitz Championship,Dubai
SKRIPCHENKO Almira,2361,NEPOMNIACHTCHI Ian,2755,X - X,Scandinavian Defense,classical,2020-03-30,Sinquefield Cup,Saint Louis
MOUSSARD Jules,2600,CARUANA Fabiano,2805,X - X,Dutch Defense,blitz,2020-04-08,World Blitz Championship,Dubai
VAISHALI Rameshbabu,2490,FIROUZJA Alireza,2763,0 - 1,Berlin Defense,classical,2020-04-13,Isle of Man Open,Douglas
MAMEDYAROV Shakhriyar,2738,DUDA Jan-Krzysztof,2740,X - X,English Opening,classical,2020-05-02,Candidates,Madrid
IGLESIAS Yosha,2296,DZAGNIDZE Nana,2518,0 - 1,Italian Game,classical,2020-01-06,Sinquefield Cup,Saint Louis
POLGAR Judith,2732,ASSAUBAYEVA Bibisara,2488,0 - 1,Semi-Slav Defense,classical,2020-02-12,Sinquefield Cup,Saint Louis
JU Wenjun,2563,LAGARDE Maxime,2606,X - X,French Defense,rapid,2020-07-08,Grand Chess Tour Croatia,Zagreb
GUICHARD Pauline,2357,MILLIET Sophie,2366,X - X,Alekhine Defense,classical,2020-04-05,Tata Steel,Wijk aan Zee
DAULYTE-CORNETTE Deimante,2371,JU Wenjun,2563,0 - 1,Scandinavian Defense,classical,2020-05-06,Tata Steel,Wijk aan Zee
MILLIET Sophie,2366,SAVINA Anastasia,2324,1 - 0,Caro-Kann Defense,classical,2020-12-13,Tata Steel,Wijk aan Zee
FRESSINET Laurent,2605,HEJAZIPOUR Mitra,2309,0 - 1,King's Indian Defense,classical,2020-09-21,Candidates,Madrid
CARUANA Fabiano,2805,GUKESH D,2783,X - X,King's Indian Defense,classical,2020-07-31,Isle of Man Open,Douglas
ASSAUBAYEVA Bibisara,2488,LAGNO Kateryna,2527,X - X,Grunfeld Defense,classical,2020-12-04,Sinquefield Cup,Saint Louis
PRAGGNANANDHAA R,2737,DING Liren,2728,1 - 0,French Defense,classical,2020-06-30,World Cup,Baku
GUICHARD Pauline,2357,LE Quang Liem,2739,X - X,Larsen Opening,classical,2020-10-09,Sinquefield Cup,Saint Louis
KOSTENIUK Alexandra,2487,MUZYCHUK Anna,2515,1 - 0,Alekhine Defense,classical,2020-01-25,Sinquefield Cup,Saint Louis
KOSTENIUK Alexandra,2487,ARONIAN Levon,2739,X - X,Pirc Defense,classical,2020-09-18,Candidates,Madrid
ERIGAISI Arjun,2799,GUKESH D,2783,X - X,London System,classical,2020-09-07,Tata Steel,Wijk aan Zee
FRESSINET Laurent,2605,ASSAUBAYEVA Bibisara,2488,X - X,Caro-Kann Defense,blitz,2020-02-13,World Blitz Championship,Dubai
VIDIT Santosh Gujrathi,2739,SAVINA Anastasia,2324,1 - 0,Vienna Game,classical,2020-08-09,Candidates,Madrid
SHUVALOVA Polina,2495,NIEMANN Hans Moke,2734,X - X,Petrov Defense,classical,2020-04-24,Candidates,Madrid
SEBAG Marie,2448,LAGARDE Maxime,2606,X - X,London System,rapid,2020-02-24,Grand Chess Tour Croatia,Zagreb
FIROUZJA Alireza,2763,ERIGAISI Arjun,2799,X - X,Larsen Opening,classical,2020-10-11,Sinquefield Cup,Saint Louis
KEYMER Vincent,2733,MUZYCHUK Mariya,2505,0 - 1,Sicilian Defense,classical,2020-11-05,Norway Chess,Stavanger
LEI Tingjie,2549,WEI Yi,2753,0 - 1,Larsen Opening,blitz,2020-02-06,World Blitz Championship,Dubai
MUZYCHUK Anna,2515,NAVROTESCU Andreea,2338,1 - 0,Berlin Defense,classical,2020-01-24,Tata Steel,Wijk aan Zee
CARUANA Fabiano,2805,KRAMNIK Vladimir,2810,1 - 0,Grunfeld Defense,classical,2020-07-04,Sinquefield Cup,Saint Louis
LE Quang Liem,2739,SCHIPPKE Manon,2272,0 - 1,Alekhine Defense,rapid,2020-10-07,World Rapid Championship,Samarkand
BACROT Etienne,2653,DZAGNIDZE Nana,2518,X - X,Queen's Gambit Accepted,classical,2020-07-05,Sinquefield Cup,Saint Louis
MAMEDYAROV Shakhriyar,2738,SKRIPCHENKO Almira,2361,X - X,French Defense,classical,2020-12-28,Sinquefield Cup,Saint Louis
DOMINGUEZ PEREZ Leinier,2741,NAVROTESCU Andreea,2338,1 - 0,Nimzo-Indian Defense,classical,2020-08-19,Sinquefield Cup,Saint Louis
ANAND Viswanathan,2750,FRESSINET Laurent,2605,X - X,Queen's Gambit Accepted,classical,2020-10-17,Sinquefield Cup,Saint Louis
DUDA Jan-Krzysztof,2740,TAN Zhongyi,2551,0 - 1,Semi-Slav Defense,classical,2020-04-27,Candidates,Madrid
DUDA Jan-Krzysztof,2740,KASHLINSKAYA Alina,2493,1 - 0,Sicilian Defense,classical,2020-02-13,Tata Steel,Wijk aan Zee
KEYMER Vincent,2733,GIRI Anish,2733,0 - 1,French Defense,classical,2020-08-13,Tata Steel,Wijk aan Zee
GUKESH D,2783,DZAGNIDZE Nana,2518,1 - 0,Dutch Defense,classical,2020-07-22,Sinquefield Cup,Saint Louis
FRESSINET Laurent,2605,KEYMER Vincent,2733,X - X,Larsen Opening,classical,2020-02-29,Tata Steel,Wijk aan Zee
MUZYCHUK Mariya,2505,KOSTENIUK Alexandra,2487,X - X,Caro-Kann Defense,classical,2020-12-27,Candidates,Madrid
DZAGNIDZE Nana,2518,ZHU Jiner,2514,1 - 0,Dutch Defense,rapid,2020-05-11,Grand Chess Tour Croatia,Zagreb
NIEMANN Hans Moke,2734,ZHU Jiner,2514,X - X,Dutch Defense,rapid,2020-06-16,Grand Chess Tour Croatia,Zagreb
DRONAVALLI Harika,2493,DOMINGUEZ PEREZ Leinier,2741,X - X,Berlin Defense,classical,2020-04-06,World Cup,Baku
MILLIET Sophie,2366,DAULYTE-CORNETTE Deimante,2371,X - X,Queen's Gambit Accepted,classical,2020-04-03,World Cup,Baku
MUZYCHUK Anna,2515,NAVROTESCU Andreea,2338,0 - 1,Larsen Opening,classical,2020-02-05,Tata Steel,Wijk aan Zee
GORYACHKINA Aleksandra,2528,NEPOMNIACHTCHI Ian,2755,0 - 1,Semi-Slav Defense,classical,2020-05-01,World Cup,Baku
LEI Tingjie,2549,JU Wenjun,2563,X - X,King's Indian Defense,classical,2020-02-02,Candidates,Madrid
DAULYTE-CORNETTE Deimante,2371,POLGAR Judith,2732,X - X,French Defense,classical,2020-08-16,Tata Steel,Wijk aan Zee
GUKESH D,2783,SAVINA Anastasia,2324,0 - 1,Pirc Defense,classical,2020-01-09,Tata Steel,Wijk aan Zee
MOUSSARD Jules,2600,CARLSEN Magnus,2831,1 - 0,French Defense,rapid,2020-08-09,Grand Chess Tour Croatia,Zagreb
LEI Tingjie,2549,NEPOMNIACHTCHI Ian,2755,X - X,King's Indian Defense,classical,2020-07-19,Tata Steel,Wijk aan Zee
DRONAVALLI Harika,2493,GUICHARD Pauline,2357,X - X,Italian Game,classical,2020-06-14,Tata Steel,Wijk aan Zee
ABDUSATTOROV Nodirbek,2777,NEPOMNIACHTCHI Ian,2755,X - X,Larsen Opening,rapid,2020-01-07,Grand Chess Tour Croatia,Zagreb
NEPOMNIACHTCHI Ian,2755,MUZYCHUK Anna,2515,1 - 0,Petrov Defense,rapid,2020-06-22,Grand Chess Tour Croatia,Zagreb
KEYMER Vincent,2733,LEI Tingjie,2549,X - X,Pirc Defense,classical,2020-02-01,Tata Steel,Wijk aan Zee
LAGARDE Maxime,2606,NAKAMURA Hikaru,2802,1 - 0,Larsen Opening,classical,2020-04-22,Norway Chess,Stavanger
VIDIT Santosh Gujrathi,2739,TAN Zhongyi,2551,1 - 0,Vienna Game,blitz,2020-05-09,World Blitz Championship,Dubai
SAVINA Anastasia,2324,ABDUSATTOROV Nodirbek,2777,0 - 1,Larsen Opening,classical,2020-02-28,Norway Chess,Stavanger
NAVROTESCU Andreea,2338,KASHLINSKAYA Alina,2493,0 - 1,Semi-Slav Defense,classical,2020-06-20,Sinquefield Cup,Saint Louis
ARONIAN Levon,2739,ABDUSATTOROV Nodirbek,2777,1 - 0,Caro-Kann Defense,classical,2020-10-11,Candidates,Madrid
LAGARDE Maxime,2606,DZAGNIDZE Nana,2518,X - X,Dutch Defense,blitz,2020-12-07,World Blitz Championship,Dubai
ERIGAISI Arjun,2799,GUKESH D,2783,1 - 0,Scotch Game,classical,2020-07-01,Candidates,Madrid
WEI Yi,2753,ERIGAISI Arjun,2799,X - X,Alekhine Defense,rapid,2020-10-12,Grand Chess Tour Croatia,Zagreb
SKRIPCHENKO Almira,2361,IGLESIAS Yosha,2296,X - X,Italian Game,classical,2020-01-21,Isle of Man Open,Douglas
MUZYCHUK Anna,2515,NIEMANN Hans Moke,2734,X - X,Pirc Defense,rapid,2020-02-20,Grand Chess Tour Croatia,Zagreb
CARUANA Fabiano,2805,IGLESIAS Yosha,2296,X - X,Petrov Defense,rapid,2020-12-30,Grand Chess Tour Croatia,Zagreb
KRAMNIK Vladimir,2810,ARONIAN Levon,2739,X - X,Berlin Defense,classical,2020-05-26,Sinquefield Cup,Saint Louis
NAVROTESCU Andreea,2338,KONERU Humpy,2530,1 - 0,Larsen Opening,blitz,2020-05-17,World Blitz Championship,Dubai
SCHIPPKE Manon,2272,VAISHALI Rameshbabu,2490,1 - 0,Dutch Defense,classical,2020-09-17,Candidates,Madrid
ZHU Jiner,2514,TAN Zhongyi,2551,X - X,Vienna Game,classical,2020-06-18,Tata Steel,Wijk aan Zee
DING Liren,2728,DRONAVALLI Harika,2493,X - X,Dutch Defense,classical,2020-02-18,Sinquefield Cup,Saint Louis
ABDUSATTOROV Nodirbek,2777,DUDA Jan-Krzysztof,2740,0 - 1,Reti Opening,classical,2020-08-17,World Cup,Baku
DUDA Jan-Krzysztof,2740,DOMINGUEZ PEREZ Leinier,2741,1 - 0,Caro-Kann Defense,rapid,2020-06-25,World Rapid Championship,Samarkand
CARLSEN Magnus,2831,MUZYCHUK Anna,2515,1 - 0,English Opening,classical,2020-10-24,Candidates,Madrid
GORYACHKINA Aleksandra,2528,MUZYCHUK Mariya,2505,1 - 0,Larsen Opening,rapid,2020-06-25,World Rapid Championship,Samarkand
WEI Yi,2753,ABDUSATTOROV Nodirbek,2777,1 - 0,Italian Game,classical,2020-01-01,Candidates,Madrid
SHUVALOVA Polina,2495,SAVINA Anastasia,2324,1 - 0,Nimzo-Indian Defense,classical,2020-01-03,Candidates,Madrid
LAGARDE Maxime,2606,KASHLINSKAYA Alina,2493,X - X,King's Indian Defense,classical,2020-02-10,Tata Steel,Wijk aan Zee
PRAGGNANANDHAA R,2737,DOMINGUEZ PEREZ Leinier,2741,1 - 0,Alekhine Defense,classical,2020-12-23,Sinquefield Cup,Saint Louis
ASSAUBAYEVA Bibisara,2488,DUDA Jan-Krzysztof,2740,1 - 0,Italian Game,classical,2020-06-13,Candidates,Madrid
LAGARDE Maxime,2606,DAULYTE-CORNETTE Deimante,2371,X - X,Berlin Defense,classical,2020-01-19,Sinquefield Cup,Saint Louis
HOU Yifan,2633,ABDUSATTOROV Nodirbek,2777,1 - 0,Petrov Defense,classical,2020-12-06,Tata Steel,Wijk aan Zee
LEI Tingjie,2549,ARONIAN Levon,2739,1 - 0,Italian Game,classical,2020-11-29,Tata Steel,Wijk aan Zee
SCHIPPKE Manon,2272,SAVINA Anastasia,2324,X - X,Scotch Game,classical,2020-08-10,Tata Steel,Wijk aan Zee
LE Quang Liem,2739,GUICHARD Pauline,2357,1 - 0,Caro-Kann Defense,classical,2020-09-21,Candidates,Madrid
HOU Yifan,2633,TAN Zhongyi,2551,X - X,Petrov Defense,classical,2020-09-04,World Cup,Baku
VACHIER-LAGRAVE Maxime,2737,DING Liren,2728,X - X,Alekhine Defense,rapid,2020-12-27,World Rapid Championship,Samarkand
SAVINA Anastasia,2324,SCHIPPKE Manon,2272,X - X,French Defense,classical,2020-09-12,Tata Steel,Wijk aan Zee
ZHU Jiner,2514,KONERU Humpy,2530,0 - 1,Semi-Slav Defense,classical,2020-02-11,Sinquefield Cup,Saint Louis
BACROT Etienne,2653,DOMINGUEZ PEREZ Leinier,2741,1 - 0,Catalan Opening,classical,2020-01-05,Sinquefield Cup,Saint Louis
ABDUSATTOROV Nodirbek,2777,BACROT Etienne,2653,X - X,Caro-Kann Defense,classical,2020-07-15,Sinquefield Cup,Saint Louis
ANAND Viswanathan,2750,PRAGGNANANDHAA R,2737,1 - 0,Semi-Slav Defense,classical,2020-03-12,Sinquefield Cup,Saint Louis
GORYACHKINA Aleksandra,2528,ABDUSATTOROV Nodirbek,2777,1 - 0,Nimzo-Indian Defense,classical,2020-12-05,Candidates,Madrid
LAGNO Kateryna,2527,DRONAVALLI Harika,2493,X - X,Queen's Gambit Accepted,blitz,2020-04-27,Titled Tuesday,NA
LEI Tingjie,2549,NIEMANN Hans Moke,2734,X - X,Italian Game,classical,2020-05-29,Isle of Man Open,Douglas
SEBAG Marie,2448,ASSAUBAYEVA Bibisara,2488,X - X,Ruy Lopez,classical,2020-12-29,Candidates,Madrid
FIROUZJA Alireza,2763,SO Wesley,2747,X - X,French Defense,classical,2020-04-09,Sinquefield Cup,Saint Louis
PRAGGNANANDHAA R,2737,JU Wenjun,2563,X - X,Ruy Lopez,classical,2020-09-29,Tata Steel,Wijk aan Zee
DAULYTE-CORNETTE Deimante,2371,BACROT Etienne,2653,0 - 1,Italian Game,classical,2020-02-27,Sinquefield Cup,Saint Louis
ASSAUBAYEVA Bibisara,2488,LE Quang Liem,2739,1 - 0,Alekhine Defense,classical,2020-04-23,Sinquefield Cup,Saint Louis
ARONIAN Levon,2739,NAVROTESCU Andreea,2338,1 - 0,Grunfeld Defense,classical,2020-10-31,Tata Steel,Wijk aan Zee
ABDUSATTOROV Nodirbek,2777,FRESSINET Laurent,2605,1 - 0,Catalan Opening,classical,2020-08-08,Sinquefield Cup,Saint Louis
NEPOMNIACHTCHI Ian,2755,BACROT Etienne,2653,0 - 1,Alekhine Defense,rapid,2020-11-08,Grand Chess Tour Croatia,Zagreb
ANAND Viswanathan,2750,LE Quang Liem,2739,X - X,Queen's Gambit Accepted,blitz,2020-05-18,World Blitz Championship,Dubai
SAVINA Anastasia,2324,HEJAZIPOUR Mitra,2309,X - X,Reti Opening,classical,2020-05-31,Sinquefield Cup,Saint Louis
SAVINA Anastasia,2324,KASPAROV Garry,2850,X - X,Berlin Defense,classical,2020-06-25,Sinquefield Cup,Saint Louis
DOMINGUEZ PEREZ Leinier,2741,GUKESH D,2783,X - X,French Defense,classical,2020-10-21,Tata Steel,Wijk aan Zee
DZAGNIDZE Nana,2518,JU Wenjun,2563,X - X,Sicilian Defense,rapid,2020-12-12,Grand Chess Tour Croatia,Zagreb
SAVINA Anastasia,2324,DING Liren,2728,X - X,French Defense,rapid,2020-11-08,Grand Chess Tour Croatia,Zagreb
MOUSSARD Jules,2600,SEBAG Marie,2448,X - X,Alekhine Defense,classical,2020-07-24,Tata Steel,Wijk aan Zee
VIDIT Santosh Gujrathi,2739,MAMEDYAROV Shakhriyar,2738,1 - 0,Dutch Defense,classical,2020-03-19,Candidates,Madrid
MUZYCHUK Anna,2515,SHUVALOVA Polina,2495,X - X,King's Indian Defense,classical,2020-05-30,Isle of Man Open,Douglas
PRAGGNANANDHAA R,2737,DUDA Jan-Krzysztof,2740,1 - 0,Catalan Opening,classical,2020-07-13,Tata Steel,Wijk aan Zee
IGLESIAS Yosha,2296,BACROT Etienne,2653,X - X,Caro-Kann Defense,rapid,2020-09-15,Grand Chess Tour Croatia,Zagreb
ABDUSATTOROV Nodirbek,2777,MAMEDYAROV Shakhriyar,2738,1 - 0,Sicilian Defense,classical,2020-01-10,Candidates,Madrid
LEI Tingjie,2549,SEBAG Marie,2448,X - X,Vienna Game,classical,2020-05-25,Norway Chess,Stavanger
VAISHALI Rameshbabu,2490,CARLSEN Magnus,2831,1 - 0,French Defense,rapid,2020-05-27,World Rapid Championship,Samarkand
WEI Yi,2753,SKRIPCHENKO Almira,2361,0 - 1,Petrov Defense,blitz,2020-11-02,World Blitz Championship,Dubai
GORYACHKINA Aleksandra,2528,KASPAROV Garry,2850,X - X,Catalan Opening,classical,2020-01-13,Sinquefield Cup,Saint Louis
KEYMER Vincent,2733,ARONIAN Levon,2739,X - X,Italian Game,classical,2020-06-04,Sinquefield Cup,Saint Louis
VAISHALI Rameshbabu,2490,ASSAUBAYEVA Bibisara,2488,X - X,King's Indian Defense,classical,2020-03-15,Tata Steel,Wijk aan Zee
FIROUZJA Alireza,2763,MOUSSARD Jules,2600,X - X,London System,blitz,2020-10-31,World Blitz Championship,Dubai
NAVROTESCU Andreea,2338,DUDA Jan-Krzysztof,2740,1 - 0,Larsen Opening,rapid,2020-01-15,World Rapid Championship,Samarkand
ABDUSATTOROV Nodirbek,2777,SEBAG Marie,2448,X - X,London System,rapid,2020-10-02,Grand Chess Tour Croatia,Zagreb
GUICHARD Pauline,2357,MUZYCHUK Anna,2515,1 - 0,London System,classical,2020-07-07,Sinquefield Cup,Saint Louis
CARLSEN Magnus,2831,DAULYTE-CORNETTE Deimante,2371,0 - 1,Ruy Lopez,classical,2020-03-28,Norway Chess,Stavanger
TAN Zhongyi,2551,DING Liren,2728,X - X,King's Indian Defense,classical,2020-11-07,Candidates,Madrid
DZAGNIDZE Nana,2518,DING Liren,2728,1 - 0,Nimzo-Indian Defense,classical,2020-05-08,Tata Steel,Wijk aan Zee
VAISHALI Rameshbabu,2490,NEPOMNIACHTCHI Ian,2755,X - X,French Defense,rapid,2020-04-27,World Rapid Championship,Samarkand
GORYACHKINA Aleksandra,2528,KONERU Humpy,2530,X - X,Larsen Opening,classical,2020-05-27,Candidates,Madrid
DING Liren,2728,DOMINGUEZ PEREZ Leinier,2741,1 - 0,Alekhine Defense,rapid,2020-11-28,Grand Chess Tour Croatia,Zagreb
LE Quang Liem,2739,ANAND Viswanathan,2750,X - X,Pirc Defense,classical,2020-04-21,World Cup,Baku
SO Wesley,2747,GORYACHKINA Aleksandra,2528,1 - 0,Catalan Opening,classical,2020-02-27,Sinquefield Cup,Saint Louis
HOU Yifan,2633,NAKAMURA Hikaru,2802,1 - 0,Scandinavian Defense,rapid,2020-08-06,Grand Chess Tour Croatia,Zagreb
WEI Yi,2753,BACROT Etienne,2653,0 - 1,English Opening,classical,2020-08-26,Tata Steel,Wijk aan Zee
SEBAG Marie,2448,GIRI Anish,2733,X - X,Semi-Slav Defense,classical,2020-09-27,Norway Chess,Stavanger
SKRIPCHENKO Almira,2361,IGLESIAS Yosha,2296,X - X,French Defense,rapid,2020-11-11,Grand Chess Tour Croatia,Zagreb
SHUVALOVA Polina,2495,LAGARDE Maxime,2606,1 - 0,King's Indian Defense,classical,2020-09-16,Isle of Man Open,Douglas
ERIGAISI Arjun,2799,VACHIER-LAGRAVE Maxime,2737,0 - 1,Berlin Defense,classical,2020-03-09,Tata Steel,Wijk aan Zee
JU Wenjun,2563,ANAND Viswanathan,2750,X - X,Catalan Opening,rapid,2020-01-03,Grand Chess Tour Croatia,Zagreb
POLGAR Judith,2732,HOU Yifan,2633,1 - 0,Semi-Slav Defense,rapid,2020-01-28,Grand Chess Tour Croatia,Zagreb
GUKESH D,2783,KONERU Humpy,2530,X - X,Vienna Game,classical,2020-01-04,Sinquefield Cup,Saint Louis
VIDIT Santosh Gujrathi,2739,MOUSSARD Jules,2600,1 - 0,Ruy Lopez,classical,2020-06-24,Candidates,Madrid
DZAGNIDZE Nana,2518,MUZYCHUK Anna,2515,X - X,Alekhine Defense,classical,2020-11-05,Sinquefield Cup,Saint Louis
VIDIT Santosh Gujrathi,2739,ARONIAN Levon,2739,X - X,Alekhine Defense,rapid,2020-05-26,Grand Chess Tour Croatia,Zagreb
POLGAR Judith,2732,MAMEDYAROV Shakhriyar,2738,0 - 1,French Defense,classical,2020-06-29,Sinquefield Cup,Saint Louis
KRAMNIK Vladimir,2810,MILLIET Sophie,2366,0 - 1,Italian Game,rapid,2020-02-10,Grand Chess Tour Croatia,Zagreb
KASHLINSKAYA Alina,2493,LE Quang Liem,2739,X - X,Grunfeld Defense,classical,2020-12-14,Tata Steel,Wijk aan Zee
NIEMANN Hans Moke,2734,GIRI Anish,2733,1 - 0,French Defense,classical,2020-02-13,Sinquefield Cup,Saint Louis
DAULYTE-CORNETTE Deimante,2371,GUICHARD Pauline,2357,1 - 0,French Defense,classical,2020-09-03,Sinquefield Cup,Saint Louis
FIROUZJA Alireza,2763,DRONAVALLI Harika,2493,X - X,Ruy Lopez,classical,2020-06-25,Candidates,Madrid
DUDA Jan-Krzysztof,2740,PRAGGNANANDHAA R,2737,0 - 1,London System,classical,2020-06-27,World Cup,Baku
HOU Yifan,2633,VAISHALI Rameshbabu,2490,X - X,Ruy Lopez,classical,2020-04-15,Norway Chess,Stavanger
KOSTENIUK Alexandra,2487,FRESSINET Laurent,2605,X - X,Reti Opening,rapid,2020-12-28,Grand Chess Tour Croatia,Zagreb
MAMEDYAROV Shakhriyar,2738,GUICHARD Pauline,2357,X - X,Petrov Defense,classical,2020-10-08,Candidates,Madrid
SO Wesley,2747,ERIGAISI Arjun,2799,1 - 0,Caro-Kann Defense,classical,2020-03-01,Isle of Man Open,Douglas
HEJAZIPOUR Mitra,2309,NAKAMURA Hikaru,2802,1 - 0,Reti Opening,rapid,2020-03-01,Grand Chess Tour Croatia,Zagreb
DOMINGUEZ PEREZ Leinier,2741,VAISHALI Rameshbabu,2490,X - X,Petrov Defense,classical,2020-09-23,Sinquefield Cup,Saint Louis
LAGARDE Maxime,2606,PRAGGNANANDHAA R,2737,X - X,Semi-Slav Defense,classical,2020-06-17,Sinquefield Cup,Saint Louis
GUICHARD Pauline,2357,ABDUSATTOROV Nodirbek,2777,1 - 0,Scandinavian Defense,classical,2020-11-09,Tata Steel,Wijk aan Zee
NIEMANN Hans Moke,2734,MOUSSARD Jules,2600,X - X,King's Indian Defense,rapid,2020-11-18,Grand Chess Tour Croatia,Zagreb
JU Wenjun,2563,KONERU Humpy,2530,X - X,Sicilian Defense,classical,2020-03-12,Tata Steel,Wijk aan Zee
FIROUZJA Alireza,2763,LE Quang Liem,2739,0 - 1,English Opening,classical,2020-10-19,Sinquefield Cup,Saint Louis
KRAMNIK Vladimir,2810,GUKESH D,2783,X - X,Berlin Defense,rapid,2020-03-01,Grand Chess Tour Croatia,Zagreb
DAULYTE-CORNETTE Deimante,2371,VIDIT Santosh Gujrathi,2739,X - X,Scandinavian Defense,classical,2020-12-13,World Cup,Baku
SO Wesley,2747,SAVINA Anastasia,2324,0 - 1,Pirc Defense,classical,2020-10-30,Sinquefield Cup,Saint Louis
MUZYCHUK Anna,2515,NAKAMURA Hikaru,2802,X - X,King's Indian Defense,rapid,2020-04-11,Grand Chess Tour Croatia,Zagreb
KASPAROV Garry,2850,ABDUSATTOROV Nodirbek,2777,0 - 1,Alekhine Defense,classical,2020-11-10,Candidates,Madrid
CARUANA Fabiano,2805,KONERU Humpy,2530,1 - 0,Petrov Defense,classical,2020-02-15,Sinquefield Cup,Saint Louis
NAVROTESCU Andreea,2338,VIDIT Santosh Gujrathi,2739,X - X,Ruy Lopez,classical,2020-11-28,Candidates,Madrid
MOUSSARD Jules,2600,SCHIPPKE Manon,2272,1 - 0,Alekhine Defense,classical,2020-05-14,Isle of Man Open,Douglas
KASHLINSKAYA Alina,2493,GUICHARD Pauline,2357,1 - 0,London System,classical,2020-09-18,Tata Steel,Wijk aan Zee
ABDUSATTOROV Nodirbek,2777,NIEMANN Hans Moke,2734,X - X,Queen's Gambit Accepted,classical,2020-12-16,Tata Steel,Wijk aan Zee
VIDIT Santosh Gujrathi,2739,MAMEDYAROV Shakhriyar,2738,0 - 1,English Opening,blitz,2020-10-14,Titled Tuesday,NA
KEYMER Vincent,2733,VACHIER-LAGRAVE Maxime,2737,1 - 0,Italian Game,classical,2020-05-17,Tata Steel,Wijk aan Zee
ABDUSATTOROV Nodirbek,2777,SCHIPPKE Manon,2272,X - X,Alekhine Defense,rapid,2020-06-11,World Rapid Championship,Samarkand
HEJAZIPOUR Mitra,2309,ERIGAISI Arjun,2799,X - X,Semi-Slav Defense,blitz,2020-11-24,Titled Tuesday,NA
IGLESIAS Yosha,2296,FIROUZJA Alireza,2763,1 - 0,Alekhine Defense,classical,2020-11-14,Tata Steel,Wijk aan Zee
DAULYTE-CORNETTE Deimante,2371,FIROUZJA Alireza,2763,X - X,King's Indian Defense,classical,2020-06-28,Sinquefield Cup,Saint Louis
VACHIER-LAGRAVE Maxime,2737,LEI Tingjie,2549,1 - 0,Grunfeld Defense,classical,2020-05-04,Tata Steel,Wijk aan Zee
GUKESH D,2783,GIRI Anish,2733,1 - 0,Catalan Opening,classical,2020-08-30,Candidates,Madrid
SAVINA Anastasia,2324,VAISHALI Rameshbabu,2490,X - X,Pirc Defense,classical,2020-04-10,Candidates,Madrid
POLGAR Judith,2732,VIDIT Santosh Gujrathi,2739,0 - 1,Scotch Game,rapid,2020-11-19,Grand Chess Tour Croatia,Zagreb
SO Wesley,2747,TAN Zhongyi,2551,1 - 0,Vienna Game,classical,2020-11-26,Tata Steel,Wijk aan Zee
GUICHARD Pauline,2357,NIEMANN Hans Moke,2734,X - X,Scotch Game,classical,2020-11-13,Candidates,Madrid
SAVINA Anastasia,2324,HEJAZIPOUR Mitra,2309,X - X,Reti Opening,blitz,2020-12-05,Titled Tuesday,NA
ASSAUBAYEVA Bibisara,2488,DING Liren,2728,X - X,Nimzo-Indian Defense,classical,2020-09-02,Tata Steel,Wijk aan Zee
GORYACHKINA Aleksandra,2528,MUZYCHUK Anna,2515,X - X,Nimzo-Indian Defense,classical,2020-09-05,Sinquefield Cup,Saint Louis
IGLESIAS Yosha,2296,MUZYCHUK Anna,2515,X - X,Sicilian Defense,classical,2020-06-25,Sinquefield Cup,Saint Louis
KRAMNIK Vladimir,2810,NAKAMURA Hikaru,2802,X - X,Vienna Game,classical,2020-06-19,Norway Chess,Stavanger
SEBAG Marie,2448,LAGNO Kateryna,2527,1 - 0,Larsen Opening,rapid,2020-08-24,World Rapid Championship,Samarkand
DUDA Jan-Krzysztof,2740,MILLIET Sophie,2366,X - X,Alekhine Defense,rapid,2020-12-22,Grand Chess Tour Croatia,Zagreb
KASPAROV Garry,2850,MOUSSARD Jules,2600,X - X,Alekhine Defense,rapid,2020-04-06,Grand Chess Tour Croatia,Zagreb
KONERU Humpy,2530,CARUANA Fabiano,2805,1 - 0,Alekhine Defense,classical,2020-10-10,Candidates,Madrid
KEYMER Vincent,2733,BACROT Etienne,2653,0 - 1,English Opening,classical,2020-04-11,Candidates,Madrid
NAVROTESCU Andreea,2338,VAISHALI Rameshbabu,2490,1 - 0,Alekhine Defense,classical,2020-09-12,Candidates,Madrid
ZHU Jiner,2514,IGLESIAS Yosha,2296,X - X,French Defense,classical,2020-06-14,Tata Steel,Wijk aan Zee
PRAGGNANANDHAA R,2737,JU Wenjun,2563,X - X,King's Indian Defense,classical,2020-10-12,Tata Steel,Wijk aan Zee
GIRI Anish,2733,NAVROTESCU Andreea,2338,X - X,Larsen Opening,blitz,2020-10-06,Titled Tuesday,NA
KRAMNIK Vladimir,2810,KASPAROV Garry,2850,X - X,Sicilian Defense,classical,2020-10-19,Sinquefield Cup,Saint Louis
IGLESIAS Yosha,2296,NEPOMNIACHTCHI Ian,2755,1 - 0,English Opening,classical,2020-01-28,Tata Steel,Wijk aan Zee
ARONIAN Levon,2739,LEI Tingjie,2549,1 - 0,Sicilian Defense,rapid,2020-07-13,World Rapid Championship,Samarkand
VACHIER-LAGRAVE Maxime,2737,DZAGNIDZE Nana,2518,X - X,Pirc Defense,classical,2020-01-21,Sinquefield Cup,Saint Louis
CARUANA Fabiano,2805,ARONIAN Levon,2739,1 - 0,Sicilian Defense,rapid,2020-03-19,Grand Chess Tour Croatia,Zagreb
SKRIPCHENKO Almira,2361,KASHLINSKAYA Alina,2493,X - X,Larsen Opening,rapid,2020-09-18,Grand Chess Tour Croatia,Zagreb
TAN Zhongyi,2551,MUZYCHUK Mariya,2505,X - X,Semi-Slav Defense,classical,2020-10-16,World Cup,Baku
SAVINA Anastasia,2324,FRESSINET Laurent,2605,X - X,Larsen Opening,classical,2020-09-05,Isle of Man Open,Douglas
CARLSEN Magnus,2831,GUICHARD Pauline,2357,X - X,English Opening,classical,2020-08-08,Tata Steel,Wijk aan Zee
CARLSEN Magnus,2831,GIRI Anish,2733,1 - 0,Larsen Opening,classical,2020-12-27,World Cup,Baku
HEJAZIPOUR Mitra,2309,KONERU Humpy,2530,1 - 0,Grunfeld Defense,classical,2020-01-05,Candidates,Madrid
BACROT Etienne,2653,MUZYCHUK Mariya,2505,1 - 0,Scandinavian Defense,rapid,2020-04-02,Grand Chess Tour Croatia,Zagreb
WEI Yi,2753,ZHU Jiner,2514,X - X,Reti Opening,classical,2020-01-13,Sinquefield Cup,Saint Louis
FIROUZJA Alireza,2763,TAN Zhongyi,2551,X - X,Grunfeld Defense,rapid,2020-03-14,Grand Chess Tour Croatia,Zagreb
ASSAUBAYEVA Bibisara,2488,HOU Yifan,2633,1 - 0,Grunfeld Defense,classical,2020-10-14,Tata Steel,Wijk aan Zee
FRESSINET Laurent,2605,NAKAMURA Hikaru,2802,X - X,Vienna Game,blitz,2020-09-01,Titled Tuesday,NA
WEI Yi,2753,DZAGNIDZE Nana,2518,1 - 0,Queen's Gambit Accepted,classical,2020-07-31,Candidates,Madrid
NEPOMNIACHTCHI Ian,2755,DOMINGUEZ PEREZ Leinier,2741,1 - 0,Reti Opening,blitz,2020-12-17,World Blitz Championship,Dubai
GIRI Anish,2733,NIEMANN Hans Moke,2734,X - X,French Defense,classical,2020-07-20,Tata Steel,Wijk aan Zee
SHUVALOVA Polina,2495,ZHU Jiner,2514,X - X,Sicilian Defense,blitz,2020-06-12,Titled Tuesday,NA
NEPOMNIACHTCHI Ian,2755,GORYACHKINA Aleksandra,2528,1 - 0,Scandinavian Defense,classical,2020-10-17,Sinquefield Cup,Saint Louis
MUZYCHUK Mariya,2505,KASHLINSKAYA Alina,2493,1 - 0,Caro-Kann Defense,classical,2020-09-18,Sinquefield Cup,Saint Louis
TAN Zhongyi,2551,MAMEDYAROV Shakhriyar,2738,1 - 0,Reti Opening,classical,2020-04-18,World Cup,Baku
HOU Yifan,2633,ANAND Viswanathan,2750,X - X,London System,classical,2020-01-19,Candidates,Madrid
DAULYTE-CORNETTE Deimante,2371,CARUANA Fabiano,2805,1 - 0,Dutch Defense,blitz,2020-06-19,World Blitz Championship,Dubai
LE Quang Liem,2739,DZAGNIDZE Nana,2518,X - X,French Defense,classical,2020-05-30,Norway Chess,Stavanger
SO Wesley,2747,DING Liren,2728,X - X,French Defense,classical,2020-11-04,Candidates,Madrid
ERIGAISI Arjun,2799,KEYMER Vincent,2733,X - X,Nimzo-Indian Defense,classical,2020-09-16,Tata Steel,Wijk aan Zee
NEPOMNIACHTCHI Ian,2755,KONERU Humpy,2530,X - X,Nimzo-Indian Defense,rapid,2020-07-07,World Rapid Championship,Samarkand
MILLIET Sophie,2366,VAISHALI Rameshbabu,2490,X - X,Ruy Lopez,classical,2020-05-04,Tata Steel,Wijk aan Zee
SHUVALOVA Polina,2495,NAVROTESCU Andreea,2338,X - X,Pirc Defense,classical,2020-06-27,Sinquefield Cup,Saint Louis
NEPOMNIACHTCHI Ian,2755,POLGAR Judith,2732,1 - 0,Scotch Game,classical,2020-03-16,Sinquefield Cup,Saint Louis
ERIGAISI Arjun,2799,FRESSINET Laurent,2605,X - X,Italian Game,classical,2020-06-14,World Cup,Baku
KASHLINSKAYA Alina,2493,HEJAZIPOUR Mitra,2309,0 - 1,English Opening,classical,2020-07-10,Tata Steel,Wijk aan Zee
KASPAROV Garry,2850,SO Wesley,2747,1 - 0,Vienna Game,classical,2020-02-22,Candidates,Madrid
PRAGGNANANDHAA R,2737,GUICHARD Pauline,2357,0 - 1,Grunfeld Defense,classical,2020-01-02,Norway Chess,Stavanger
GIRI Anish,2733,NIEMANN Hans Moke,2734,X - X,Berlin Defense,blitz,2020-01-11,Titled Tuesday,NA
MUZYCHUK Anna,2515,ABDUSATTOROV Nodirbek,2777,X - X,King's Indian Defense,classical,2020-10-19,Candidates,Madrid
SEBAG Marie,2448,SKRIPCHENKO Almira,2361,0 - 1,English Opening,classical,2020-06-22,Isle of Man Open,Douglas
SAVINA Anastasia,2324,KEYMER Vincent,2733,0 - 1,French Defense,blitz,2020-11-11,World Blitz Championship,Dubai
DOMINGUEZ PEREZ Leinier,2741,SEBAG Marie,2448,X - X,French Defense,classical,2020-08-14,World Cup,Baku
MUZYCHUK Mariya,2505,POLGAR Judith,2732,0 - 1,Catalan Opening,classical,2020-09-01,Tata Steel,Wijk aan Zee
GIRI Anish,2733,DOMINGUEZ PEREZ Leinier,2741,X - X,Grunfeld Defense,classical,2020-12-10,Norway Chess,Stavanger
HOU Yifan,2633,LEI Tingjie,2549,X - X,Nimzo-Indian Defense,rapid,2020-09-25,Grand Chess Tour Croatia,Zagreb
LAGARDE Maxime,2606,SHUVALOVA Polina,2495,0 - 1,French Defense,rapid,2020-06-05,Grand Chess Tour Croatia,Zagreb
NAVROTESCU Andreea,2338,DOMINGUEZ PEREZ Leinier,2741,X - X,London System,classical,2020-03-28,Sinquefield Cup,Saint Louis
LAGNO Kateryna,2527,IGLESIAS Yosha,2296,X - X,Nimzo-Indian Defense,rapid,2020-07-16,Grand Chess Tour Croatia,Zagreb
DZAGNIDZE Nana,2518,JU Wenjun,2563,1 - 0,Berlin Defense,classical,2020-09-24,Tata Steel,Wijk aan Zee
GUKESH D,2783,SCHIPPKE Manon,2272,X - X,French Defense,classical,2020-01-21,Sinquefield Cup,Saint Louis
DOMINGUEZ PEREZ Leinier,2741,ERIGAISI Arjun,2799,X - X,Scandinavian Defense,classical,2020-08-22,Tata Steel,Wijk aan Zee
NEPOMNIACHTCHI Ian,2755,ERIGAISI Arjun,2799,X - X,Ruy Lopez,rapid,2020-08-26,Grand Chess Tour Croatia,Zagreb
KASHLINSKAYA Alina,2493,FRESSINET Laurent,2605,X - X,Dutch Defense,blitz,2020-06-12,Titled Tuesday,NA
SEBAG Marie,2448,NIEMANN Hans Moke,2734,X - X,Sicilian Defense,classical,2020-01-04,Norway Chess,Stavanger
KRAMNIK Vladimir,2810,KOSTENIUK Alexandra,2487,X - X,Vienna Game,classical,2020-01-05,Candidates,Madrid
DING Liren,2728,SO Wesley,2747,X - X,Catalan Opening,classical,2020-12-20,Tata Steel,Wijk aan Zee
MOUSSARD Jules,2600,KOSTENIUK Alexandra,2487,X - X,Queen's Gambit Accepted,classical,2020-10-04,Sinquefield Cup,Saint Louis
LAGARDE Maxime,2606,FRESSINET Laurent,2605,X - X,Semi-Slav Defense,classical,2020-06-13,Sinquefield Cup,Saint Louis
TAN Zhongyi,2551,FIROUZJA Alireza,2763,X - X,Queen's Gambit Accepted,classical,2020-12-22,Candidates,Madrid
SAVINA Anastasia,2324,MAMEDYAROV Shakhriyar,2738,1 - 0,Queen's Gambit Accepted,classical,2020-07-28,Tata Steel,Wijk aan Zee
LAGNO Kateryna,2527,ASSAUBAYEVA Bibisara,2488,X - X,French Defense,blitz,2020-03-31,Titled Tuesday,NA
GUICHARD Pauline,2357,FIROUZJA Alireza,2763,0 - 1,Caro-Kann Defense,classical,2020-05-06,Tata Steel,Wijk aan Zee
KASPAROV Garry,2850,CARLSEN Magnus,2831,X - X,French Defense,classical,2020-08-04,World Cup,Baku
DAULYTE-CORNETTE Deimante,2371,VAISHALI Rameshbabu,2490,X - X,Dutch Defense,blitz,2020-03-30,World Blitz Championship,Dubai
PRAGGNANANDHAA R,2737,LE Quang Liem,2739,X - X,English Opening,classical,2020-08-26,Tata Steel,Wijk aan Zee
VACHIER-LAGRAVE Maxime,2737,IGLESIAS Yosha,2296,X - X,Berlin Defense,blitz,2020-07-31,Titled Tuesday,NA
KRAMNIK Vladimir,2810,NAKAMURA Hikaru,2802,1 - 0,Reti Opening,rapid,2020-08-27,Grand Chess Tour Croatia,Zagreb
VAISHALI Rameshbabu,2490,HEJAZIPOUR Mitra,2309,0 - 1,Vienna Game,classical,2020-10-21,World Cup,Baku
KOSTENIUK Alexandra,2487,ANAND Viswanathan,2750,X - X,Vienna Game,classical,2020-01-27,Tata Steel,Wijk aan Zee
LAGARDE Maxime,2606,SEBAG Marie,2448,X - X,Scotch Game,classical,2020-04-28,Candidates,Madrid
DING Liren,2728,ARONIAN Levon,2739,0 - 1,Reti Opening,rapid,2020-11-07,Grand Chess Tour Croatia,Zagreb
SAVINA Anastasia,2324,VAISHALI Rameshbabu,2490,1 - 0,Scotch Game,blitz,2020-11-24,World Blitz Championship,Dubai
NEPOMNIACHTCHI Ian,2755,NAKAMURA Hikaru,2802,X - X,Petrov Defense,classical,2020-08-14,Tata Steel,Wijk aan Zee
NIEMANN Hans Moke,2734,ASSAUBAYEVA Bibisara,2488,1 - 0,Nimzo-Indian Defense,classical,2020-08-18,Candidates,Madrid
DOMINGUEZ PEREZ Leinier,2741,DZAGNIDZE Nana,2518,X - X,Scotch Game,classical,2020-10-06,Candidates,Madrid
NAVROTESCU Andreea,2338,DZAGNIDZE Nana,2518,0 - 1,Italian Game,classical,2020-12-07,Candidates,Madrid
FRESSINET Laurent,2605,KOSTENIUK Alexandra,2487,X - X,Scandinavian Defense,rapid,2020-09-13,Grand Chess Tour Croatia,Zagreb
VAISHALI Rameshbabu,2490,ASSAUBAYEVA Bibisara,2488,1 - 0,Petrov Defense,classical,2020-04-21,Isle of Man Open,Douglas
KOSTENIUK Alexandra,2487,JU Wenjun,2563,X - X,London System,classical,2020-12-09,Sinquefield Cup,Saint Louis
FIROUZJA Alireza,2763,DOMINGUEZ PEREZ Leinier,2741,X - X,Berlin Defense,classical,2020-11-28,Candidates,Madrid
ARONIAN Levon,2739,KASPAROV Garry,2850,X - X,French Defense,classical,2020-02-07,Candidates,Madrid
ZHU Jiner,2514,NAKAMURA Hikaru,2802,0 - 1,French Defense,classical,2020-11-14,Candidates,Madrid
MOUSSARD Jules,2600,DUDA Jan-Krzysztof,2740,X - X,Sicilian Defense,classical,2020-03-25,Tata Steel,Wijk aan Zee
DZAGNIDZE Nana,2518,BACROT Etienne,2653,X - X,Italian Game,classical,2020-04-18,Norway Chess,Stavanger
POLGAR Judith,2732,LAGNO Kateryna,2527,X - X,Italian Game,rapid,2020-02-02,World Rapid Championship,Samarkand
SKRIPCHENKO Almira,2361,GUKESH D,2783,1 - 0,King's Indian Defense,classical,2020-09-01,Tata Steel,Wijk aan Zee
MILLIET Sophie,2366,IGLESIAS Yosha,2296,1 - 0,English Opening,rapid,2020-02-16,Grand Chess Tour Croatia,Zagreb
ARONIAN Levon,2739,SAVINA Anastasia,2324,X - X,Scandinavian Defense,classical,2020-01-23,Norway Chess,Stavanger
ARONIAN Levon,2739,ASSAUBAYEVA Bibisara,2488,X - X,Alekhine Defense,classical,2020-10-25,Isle of Man Open,Douglas
ZHU Jiner,2514,POLGAR Judith,2732,X - X,English Opening,classical,2020-08-21,Candidates,Madrid
FRESSINET Laurent,2605,ABDUSATTOROV Nodirbek,2777,X - X,Nimzo-Indian Defense,classical,2020-12-04,Sinquefield Cup,Saint Louis
TAN Zhongyi,2551,SEBAG Marie,2448,X - X,Semi-Slav Defense,classical,2020-11-17,Tata Steel,Wijk aan Zee
LAGNO Kateryna,2527,VIDIT Santosh Gujrathi,2739,X - X,Sicilian Defense,rapid,2020-03-26,World Rapid Championship,Samarkand
LAGARDE Maxime,2606,LEI Tingjie,2549,1 - 0,French Defense,classical,2020-04-16,Norway Chess,Stavanger
SAVINA Anastasia,2324,SEBAG Marie,2448,X - X,Caro-Kann Defense,classical,2020-03-01,Candidates,Madrid
LEI Tingjie,2549,SEBAG Marie,2448,X - X,Vienna Game,classical,2020-11-24,Sinquefield Cup,Saint Louis
DZAGNIDZE Nana,2518,LAGNO Kateryna,2527,0 - 1,Scandinavian Defense,classical,2020-12-31,Candidates,Madrid
HOU Yifan,2633,DUDA Jan-Krzysztof,2740,0 - 1,Caro-Kann Defense,classical,2020-02-18,Norway Chess,Stavanger
LAGARDE Maxime,2606,JU Wenjun,2563,X - X,Petrov Defense,classical,2020-04-07,Tata Steel,Wijk aan Zee
GIRI Anish,2733,WEI Yi,2753,X - X,Nimzo-Indian Defense,classical,2020-11-19,Isle of Man Open,Douglas
HOU Yifan,2633,KASPAROV Garry,2850,X - X,Scotch Game,classical,2020-03-12,Tata Steel,Wijk aan Zee
DRONAVALLI Harika,2493,DUDA Jan-Krzysztof,2740,X - X,Larsen Opening,classical,2020-03-31,Sinquefield Cup,Saint Louis
WEI Yi,2753,GIRI Anish,2733,0 - 1,Italian Game,classical,2020-02-18,Tata Steel,Wijk aan Zee
SCHIPPKE Manon,2272,NEPOMNIACHTCHI Ian,2755,X - X,King's Indian Defense,rapid,2020-01-31,Grand Chess Tour Croatia,Zagreb
KASPAROV Garry,2850,MOUSSARD Jules,2600,0 - 1,English Opening,rapid,2020-05-28,World Rapid Championship,Samarkand
DZAGNIDZE Nana,2518,CARLSEN Magnus,2831,1 - 0,Larsen Opening,classical,2020-05-08,Tata Steel,Wijk aan Zee
NEPOMNIACHTCHI Ian,2755,DOMINGUEZ PEREZ Leinier,2741,0 - 1,Scandinavian Defense,classical,2020-07-14,Candidates,Madrid
GIRI Anish,2733,LAGARDE Maxime,2606,X - X,Queen's Gambit Accepted,classical,2020-01-25,Isle of Man Open,Douglas
GIRI Anish,2733,SO Wesley,2747,X - X,Alekhine Defense,classical,2020-01-01,Candidates,Madrid
GIRI Anish,2733,DAULYTE-CORNETTE Deimante,2371,X - X,Sicilian Defense,classical,2020-11-05,Norway Chess,Stavanger
DUDA Jan-Krzysztof,2740,POLGAR Judith,2732,1 - 0,Petrov Defense,rapid,2020-07-03,Grand Chess Tour Croatia,Zagreb
NAVROTESCU Andreea,2338,POLGAR Judith,2732,1 - 0,Dutch Defense,classical,2020-05-16,Sinquefield Cup,Saint Louis
DOMINGUEZ PEREZ Leinier,2741,JU Wenjun,2563,1 - 0,Scandinavian Defense,blitz,2020-07-15,World Blitz Championship,Dubai
MUZYCHUK Mariya,2505,JU Wenjun,2563,X - X,Pirc Defense,rapid,2020-02-14,Grand Chess Tour Croatia,Zagreb
LE Quang Liem,2739,ARONIAN Levon,2739,1 - 0,Berlin Defense,classical,2020-02-29,Candidates,Madrid
ABDUSATTOROV Nodirbek,2777,SCHIPPKE Manon,2272,1 - 0,Caro-Kann Defense,blitz,2020-07-25,Titled Tuesday,NA
GUKESH D,2783,GUICHARD Pauline,2357,1 - 0,Alekhine Defense,rapid,2020-04-20,Grand Chess Tour Croatia,Zagreb
NIEMANN Hans Moke,2734,ANAND Viswanathan,2750,0 - 1,Grunfeld Defense,rapid,2020-06-29,Grand Chess Tour Croatia,Zagreb
NAVROTESCU Andreea,2338,FIROUZJA Alireza,2763,0 - 1,French Defense,classical,2020-01-02,Candidates,Madrid
DOMINGUEZ PEREZ Leinier,2741,ANAND Viswanathan,2750,X - X,Catalan Opening,classical,2020-08-02,Sinquefield Cup,Saint Louis
PRAGGNANANDHAA R,2737,KOSTENIUK Alexandra,2487,X - X,Dutch Defense,classical,2020-04-30,Sinquefield Cup,Saint Louis
KASPAROV Garry,2850,DAULYTE-CORNETTE Deimante,2371,0 - 1,Pirc Defense,classical,2020-10-16,Candidates,Madrid
KONERU Humpy,2530,ARONIAN Levon,2739,1 - 0,Reti Opening,classical,2020-09-23,Candidates,Madrid
DING Liren,2728,ZHU Jiner,2514,1 - 0,Queen's Gambit Accepted,classical,2020-05-26,Sinquefield Cup,Saint Louis
MUZYCHUK Anna,2515,SO Wesley,2747,X - X,Caro-Kann Defense,classical,2020-12-05,Candidates,Madrid
ASSAUBAYEVA Bibisara,2488,GIRI Anish,2733,0 - 1,Catalan Opening,classical,2020-03-19,Sinquefield Cup,Saint Louis
SAVINA Anastasia,2324,ZHU Jiner,2514,X - X,Dutch Defense,rapid,2020-01-04,Grand Chess Tour Croatia,Zagreb
SCHIPPKE Manon,2272,VIDIT Santosh Gujrathi,2739,1 - 0,Caro-Kann Defense,classical,2020-03-08,Tata Steel,Wijk aan Zee
ERIGAISI Arjun,2799,JU Wenjun,2563,1 - 0,Sicilian Defense,classical,2020-01-04,Sinquefield Cup,Saint Louis
TAN Zhongyi,2551,MUZYCHUK Anna,2515,X - X,English Opening,classical,2020-07-03,Sinquefield Cup,Saint Louis
KRAMNIK Vladimir,2810,TAN Zhongyi,2551,X - X,Nimzo-Indian Defense,classical,2020-09-23,Sinquefield Cup,Saint Louis
VACHIER-LAGRAVE Maxime,2737,DOMINGUEZ PEREZ Leinier,2741,0 - 1,Caro-Kann Defense,classical,2020-04-25,World Cup,Baku
GORYACHKINA Aleksandra,2528,SHUVALOVA Polina,2495,1 - 0,Catalan Opening,classical,2020-11-02,Candidates,Madrid
KEYMER Vincent,2733,SEBAG Marie,2448,X - X,Vienna Game,classical,2020-11-14,Tata Steel,Wijk aan Zee
ANAND Viswanathan,2750,ARONIAN Levon,2739,X - X,King's Indian Defense,classical,2020-04-24,Sinquefield Cup,Saint Louis
VAISHALI Rameshbabu,2490,GUKESH D,2783,X - X,English Opening,rapid,2020-11-07,Grand Chess Tour Croatia,Zagreb
LEI Tingjie,2549,MOUSSARD Jules,2600,X - X,Grunfeld Defense,classical,2020-04-04,Sinquefield Cup,Saint Louis
KRAMNIK Vladimir,2810,WEI Yi,2753,X - X,Berlin Defense,rapid,2020-07-14,World Rapid Championship,Samarkand
LE Quang Liem,2739,KRAMNIK Vladimir,2810,1 - 0,English Opening,classical,2020-09-04,World Cup,Baku
FIROUZJA Alireza,2763,SEBAG Marie,2448,X - X,Alekhine Defense,rapid,2020-06-08,Grand Chess Tour Croatia,Zagreb
LEI Tingjie,2549,PRAGGNANANDHAA R,2737,X - X,Scotch Game,blitz,2020-07-03,World Blitz Championship,Dubai
VACHIER-LAGRAVE Maxime,2737,ANAND Viswanathan,2750,0 - 1,Nimzo-Indian Defense,classical,2020-07-07,Sinquefield Cup,Saint Louis
SO Wesley,2747,DING Liren,2728,1 - 0,French Defense,blitz,2020-07-12,World Blitz Championship,Dubai
LAGNO Kateryna,2527,NIEMANN Hans Moke,2734,X - X,Scotch Game,classical,2020-12-23,Candidates,Madrid
ARONIAN Levon,2739,PRAGGNANANDHAA R,2737,X - X,Vienna Game,classical,2020-08-14,Candidates,Madrid
ZHU Jiner,2514,GUKESH D,2783,0 - 1,French Defense,rapid,2020-10-02,Grand Chess Tour Croatia,Zagreb
DOMINGUEZ PEREZ Leinier,2741,FRESSINET Laurent,2605,X - X,Nimzo-Indian Defense,classical,2020-04-24,Sinquefield Cup,Saint Louis
DAULYTE-CORNETTE Deimante,2371,HEJAZIPOUR Mitra,2309,X - X,Dutch Defense,classical,2020-12-14,World Cup,Baku
DAULYTE-CORNETTE Deimante,2371,SO Wesley,2747,X - X,Ruy Lopez,classical,2020-05-22,Candidates,Madrid
ERIGAISI Arjun,2799,NEPOMNIACHTCHI Ian,2755,X - X,Petrov Defense,classical,2020-03-02,Tata Steel,Wijk aan Zee
DOMINGUEZ PEREZ Leinier,2741,ABDUSATTOROV Nodirbek,2777,1 - 0,Nimzo-Indian Defense,classical,2020-12-28,Sinquefield Cup,Saint Louis
MOUSSARD Jules,2600,SEBAG Marie,2448,0 - 1,Berlin Defense,blitz,2020-08-05,Titled Tuesday,NA
POLGAR Judith,2732,DING Liren,2728,0 - 1,Ruy Lopez,classical,2020-03-09,Isle of Man Open,Douglas
SAVINA Anastasia,2324,PRAGGNANANDHAA R,2737,1 - 0,Italian Game,rapid,2020-03-16,Grand Chess Tour Croatia,Zagreb
KOSTENIUK Alexandra,2487,DAULYTE-CORNETTE Deimante,2371,1 - 0,Berlin Defense,classical,2020-05-07,Candidates,Madrid
DRONAVALLI Harika,2493,CARUANA Fabiano,2805,X - X,French Defense,classical,2020-12-11,World Cup,Baku
SKRIPCHENKO Almira,2361,GUKESH D,2783,X - X,Nimzo-Indian Defense,classical,2020-11-03,Candidates,Madrid
JU Wenjun,2563,MUZYCHUK Mariya,2505,X - X,Scandinavian Defense,rapid,2020-07-05,Grand Chess Tour Croatia,Zagreb
KONERU Humpy,2530,VACHIER-LAGRAVE Maxime,2737,X - X,Grunfeld Defense,blitz,2020-01-03,World Blitz Championship,Dubai
SO Wesley,2747,KEYMER Vincent,2733,X - X,Pirc Defense,classical,2020-08-24,Norway Chess,Stavanger
GUICHARD Pauline,2357,KOSTENIUK Alexandra,2487,0 - 1,London System,rapid,2020-06-07,Grand Chess Tour Croatia,Zagreb
ASSAUBAYEVA Bibisara,2488,MUZYCHUK Anna,2515,X - X,Alekhine Defense,classical,2020-04-21,World Cup,Baku
KEYMER Vincent,2733,FRESSINET Laurent,2605,X - X,French Defense,blitz,2020-02-24,World Blitz Championship,Dubai
GUKESH D,2783,NIEMANN Hans Moke,2734,1 - 0,King's Indian Defense,classical,2020-03-04,Tata Steel,Wijk aan Zee
PRAGGNANANDHAA R,2737,GORYACHKINA Aleksandra,2528,X - X,Pirc Defense,classical,2020-04-27,Candidates,Madrid
VACHIER-LAGRAVE Maxime,2737,KRAMNIK Vladimir,2810,0 - 1,Petrov Defense,classical,2020-06-22,Isle of Man Open,Douglas
POLGAR Judith,2732,HEJAZIPOUR Mitra,2309,1 - 0,Semi-Slav Defense,classical,2020-03-02,Isle of Man Open,Douglas
KOSTENIUK Alexandra,2487,GUKESH D,2783,X - X,Larsen Opening,classical,2020-04-15,Sinquefield Cup,Saint Louis
SO Wesley,2747,FRESSINET Laurent,2605,1 - 0,Grunfeld Defense,classical,2020-07-04,Tata Steel,Wijk aan Zee
LEI Tingjie,2549,ZHU Jiner,2514,X - X,Reti Opening,classical,2020-08-08,Tata Steel,Wijk aan Zee
SEBAG Marie,2448,DUDA Jan-Krzysztof,2740,X - X,Petrov Defense,classical,2020-03-26,Candidates,Madrid
CARLSEN Magnus,2831,KONERU Humpy,2530,0 - 1,French Defense,classical,2020-07-31,Candidates,Madrid
VACHIER-LAGRAVE Maxime,2737,LE Quang Liem,2739,1 - 0,Italian Game,blitz,2020-01-08,Titled Tuesday,NA
IGLESIAS Yosha,2296,ANAND Viswanathan,2750,1 - 0,English Opening,classical,2020-10-27,Tata Steel,Wijk aan Zee
FRESSINET Laurent,2605,ASSAUBAYEVA Bibisara,2488,X - X,Petrov Defense,classical,2020-08-11,Tata Steel,Wijk aan Zee
MAMEDYAROV Shakhriyar,2738,SAVINA Anastasia,2324,X - X,Queen's Gambit Accepted,classical,2020-08-13,Sinquefield Cup,Saint Louis
GUKESH D,2783,JU Wenjun,2563,1 - 0,King's Indian Defense,classical,2020-03-18,Candidates,Madrid
TAN Zhongyi,2551,GIRI Anish,2733,X - X,Nimzo-Indian Defense,blitz,2020-12-28,World Blitz Championship,Dubai
KOSTENIUK Alexandra,2487,PRAGGNANANDHAA R,2737,X - X,Scandinavian Defense,rapid,2020-10-07,Grand Chess Tour Croatia,Zagreb
MUZYCHUK Anna,2515,KOSTENIUK Alexandra,2487,X - X,King's Indian Defense,rapid,2020-06-06,Grand Chess Tour Croatia,Zagreb
MUZYCHUK Anna,2515,TAN Zhongyi,2551,1 - 0,Sicilian Defense,classical,2020-06-27,Tata Steel,Wijk aan Zee
HEJAZIPOUR Mitra,2309,SAVINA Anastasia,2324,X - X,Larsen Opening,rapid,2020-01-05,World Rapid Championship,Samarkand
KONERU Humpy,2530,VACHIER-LAGRAVE Maxime,2737,1 - 0,Queen's Gambit Accepted,classical,2020-09-09,Sinquefield Cup,Saint Louis
MILLIET Sophie,2366,IGLESIAS Yosha,2296,X - X,Sicilian Defense,classical,2020-01-20,Norway Chess,Stavanger
POLGAR Judith,2732,NAVROTESCU Andreea,2338,1 - 0,French Defense,blitz,2020-02-12,Titled Tuesday,NA
IGLESIAS Yosha,2296,MUZYCHUK Anna,2515,X - X,King's Indian Defense,rapid,2020-10-18,Grand Chess Tour Croatia,Zagreb
GUICHARD Pauline,2357,KASHLINSKAYA Alina,2493,X - X,Ruy Lopez,classical,2020-10-24,Candidates,Madrid
GUICHARD Pauline,2357,ANAND Viswanathan,2750,1 - 0,Grunfeld Defense,rapid,2020-04-11,Grand Chess Tour Croatia,Zagreb
DOMINGUEZ PEREZ Leinier,2741,FRESSINET Laurent,2605,X - X,Catalan Opening,rapid,2020-09-29,Grand Chess Tour Croatia,Zagreb
KRAMNIK Vladimir,2810,ARONIAN Levon,2739,X - X,Scandinavian Defense,blitz,2020-06-26,Titled Tuesday,NA
ASSAUBAYEVA Bibisara,2488,DOMINGUEZ PEREZ Leinier,2741,X - X,Caro-Kann Defense,blitz,2020-11-26,World Blitz Championship,Dubai
TAN Zhongyi,2551,PRAGGNANANDHAA R,2737,1 - 0,Caro-Kann Defense,classical,2020-05-10,Candidates,Madrid
ERIGAISI Arjun,2799,GIRI Anish,2733,1 - 0,Larsen Opening,rapid,2020-09-30,Grand Chess Tour Croatia,Zagreb
KRAMNIK Vladimir,2810,KASPAROV Garry,2850,1 - 0,French Defense,classical,2020-06-29,Isle of Man Open,Douglas
DOMINGUEZ PEREZ Leinier,2741,ERIGAISI Arjun,2799,0 - 1,London System,rapid,2020-04-17,Grand Chess Tour Croatia,Zagreb
KEYMER Vincent,2733,GUICHARD Pauline,2357,1 - 0,Dutch Defense,classical,2020-09-16,Candidates,Madrid
DAULYTE-CORNETTE Deimante,2371,GIRI Anish,2733,0 - 1,Reti Opening,classical,2020-08-13,Candidates,Madrid
ASSAUBAYEVA Bibisara,2488,ABDUSATTOROV Nodirbek,2777,1 - 0,King's Indian Defense,rapid,2020-07-27,Grand Chess Tour Croatia,Zagreb
DRONAVALLI Harika,2493,POLGAR Judith,2732,0 - 1,Caro-Kann Defense,classical,2020-12-09,Sinquefield Cup,Saint Louis
TAN Zhongyi,2551,ASSAUBAYEVA Bibisara,2488,1 - 0,London System,classical,2020-08-23,Tata Steel,Wijk aan Zee
LE Quang Liem,2739,KASHLINSKAYA Alina,2493,0 - 1,Petrov Defense,blitz,2020-02-01,World Blitz Championship,Dubai
JU Wenjun,2563,SHUVALOVA Polina,2495,X - X,French Defense,classical,2020-10-23,Norway Chess,Stavanger
GUICHARD Pauline,2357,VACHIER-LAGRAVE Maxime,2737,0 - 1,French Defense,classical,2020-10-26,Candidates,Madrid
NIEMANN Hans Moke,2734,HOU Yifan,2633,X - X,Caro-Kann Defense,rapid,2020-01-17,Grand Chess Tour Croatia,Zagreb
ANAND Viswanathan,2750,KASHLINSKAYA Alina,2493,X - X,Nimzo-Indian Defense,classical,2020-03-12,Norway Chess,Stavanger
HOU Yifan,2633,ERIGAISI Arjun,2799,X - X,London System,classical,2020-03-02,Candidates,Madrid
MAMEDYAROV Shakhriyar,2738,GUKESH D,2783,1 - 0,English Opening,blitz,2020-11-06,Titled Tuesday,NA
DOMINGUEZ PEREZ Leinier,2741,NAVROTESCU Andreea,2338,0 - 1,Grunfeld Defense,rapid,2020-08-09,Grand Chess Tour Croatia,Zagreb
PRAGGNANANDHAA R,2737,DRONAVALLI Harika,2493,0 - 1,Reti Opening,blitz,2020-10-06,World Blitz Championship,Dubai
NIEMANN Hans Moke,2734,LAGNO Kateryna,2527,X - X,Vienna Game,classical,2020-03-04,Tata Steel,Wijk aan Zee
CARUANA Fabiano,2805,GIRI Anish,2733,1 - 0,Queen's Gambit Accepted,blitz,2020-03-24,Titled Tuesday,NA
LAGNO Kateryna,2527,KONERU Humpy,2530,X - X,Petrov Defense,classical,2020-10-06,World Cup,Baku
MOUSSARD Jules,2600,BACROT Etienne,2653,X - X,Catalan Opening,classical,2020-03-26,Candidates,Madrid
GUKESH D,2783,HEJAZIPOUR Mitra,2309,X - X,Larsen Opening,blitz,2020-01-04,World Blitz Championship,Dubai
NEPOMNIACHTCHI Ian,2755,CARUANA Fabiano,2805,1 - 0,Larsen Opening,classical,2020-11-06,World Cup,Baku
IGLESIAS Yosha,2296,NIEMANN Hans Moke,2734,X - X,Ruy Lopez,rapid,2020-09-14,Grand Chess Tour Croatia,Zagreb
IGLESIAS Yosha,2296,KASHLINSKAYA Alina,2493,X - X,Caro-Kann Defense,rapid,2020-04-07,Grand Chess Tour Croatia,Zagreb
DRONAVALLI Harika,2493,LAGNO Kateryna,2527,1 - 0,Grunfeld Defense,classical,2020-07-14,Sinquefield Cup,Saint Louis
MILLIET Sophie,2366,ANAND Viswanathan,2750,X - X,Alekhine Defense,classical,2020-06-01,Isle of Man Open,Douglas
NIEMANN Hans Moke,2734,KRAMNIK Vladimir,2810,X - X,Scotch Game,classical,2020-11-07,Sinquefield Cup,Saint Louis
HOU Yifan,2633,ZHU Jiner,2514,1 - 0,Petrov Defense,blitz,2020-07-30,World Blitz Championship,Dubai
POLGAR Judith,2732,ANAND Viswanathan,2750,1 - 0,Petrov Defense,classical,2020-05-15,Sinquefield Cup,Saint Louis
NAKAMURA Hikaru,2802,FIROUZJA Alireza,2763,X - X,Larsen Opening,classical,2020-10-16,Tata Steel,Wijk aan Zee
MUZYCHUK Mariya,2505,SAVINA Anastasia,2324,0 - 1,King's Indian Defense,classical,2020-03-19,Sinquefield Cup,Saint Louis
FRESSINET Laurent,2605,TAN Zhongyi,2551,1 - 0,Vienna Game,rapid,2020-08-02,World Rapid Championship,Samarkand
ASSAUBAYEVA Bibisara,2488,NIEMANN Hans Moke,2734,0 - 1,Ruy Lopez,rapid,2020-01-12,Grand Chess Tour Croatia,Zagreb
DRONAVALLI Harika,2493,TAN Zhongyi,2551,1 - 0,Pirc Defense,classical,2020-06-15,Candidates,Madrid
LAGNO Kateryna,2527,DING Liren,2728,1 - 0,Italian Game,rapid,2020-09-30,Grand Chess Tour Croatia,Zagreb
VACHIER-LAGRAVE Maxime,2737,IGLESIAS Yosha,2296,1 - 0,French Defense,classical,2020-09-20,Norway Chess,Stavanger
VACHIER-LAGRAVE Maxime,2737,LE Quang Liem,2739,0 - 1,English Opening,classical,2020-04-22,Tata Steel,Wijk aan Zee
TAN Zhongyi,2551,ANAND Viswanathan,2750,X - X,Queen's Gambit Accepted,rapid,2020-09-27,Grand Chess Tour Croatia,Zagreb
SO Wesley,2747,SCHIPPKE Manon,2272,1 - 0,Sicilian Defense,classical,2020-08-13,Isle of Man Open,Douglas
BACROT Etienne,2653,KONERU Humpy,2530,1 - 0,Catalan Opening,rapid,2020-01-27,Grand Chess Tour Croatia,Zagreb
FIROUZJA Alireza,2763,ZHU Jiner,2514,1 - 0,Alekhine Defense,blitz,2020-10-15,Titled Tuesday,NA
MUZYCHUK Mariya,2505,POLGAR Judith,2732,1 - 0,Sicilian Defense,rapid,2020-03-12,Grand Chess Tour Croatia,Zagreb
KONERU Humpy,2530,DUDA Jan-Krzysztof,2740,X - X,Catalan Opening,rapid,2020-11-10,Grand Chess Tour Croatia,Zagreb
LAGNO Kateryna,2527,KONERU Humpy,2530,X - X,Pirc Defense,blitz,2020-09-20,Titled Tuesday,NA
VACHIER-LAGRAVE Maxime,2737,HOU Yifan,2633,1 - 0,Italian Game,rapid,2020-03-04,World Rapid Championship,Samarkand
DUDA Jan-Krzysztof,2740,ZHU Jiner,2514,X - X,Sicilian Defense,blitz,2020-07-30,World Blitz Championship,Dubai
FRESSINET Laurent,2605,HOU Yifan,2633,X - X,French Defense,rapid,2020-09-27,Grand Chess Tour Croatia,Zagreb
ARONIAN Levon,2739,MILLIET Sophie,2366,1 - 0,Larsen Opening,classical,2020-05-25,Candidates,Madrid
KASPAROV Garry,2850,SAVINA Anastasia,2324,X - X,Berlin Defense,rapid,2020-10-28,Grand Chess Tour Croatia,Zagreb
MUZYCHUK Anna,2515,DUDA Jan-Krzysztof,2740,X - X,Grunfeld Defense,classical,2020-06-29,Candidates,Madrid
VACHIER-LAGRAVE Maxime,2737,KRAMNIK Vladimir,2810,0 - 1,Italian Game,classical,2020-09-20,Candidates,Madrid
SHUVALOVA Polina,2495,VAISHALI Rameshbabu,2490,X - X,Sicilian Defense,rapid,2020-09-27,Grand Chess Tour Croatia,Zagreb
NEPOMNIACHTCHI Ian,2755,NAVROTESCU Andreea,2338,X - X,London System,classical,2020-09-25,Candidates,Madrid
DUDA Jan-Krzysztof,2740,SO Wesley,2747,1 - 0,English Opening,classical,2020-04-22,Norway Chess,Stavanger
SAVINA Anastasia,2324,NEPOMNIACHTCHI Ian,2755,0 - 1,Scandinavian Defense,blitz,2020-01-22,Titled Tuesday,NA
ABDUSATTOROV Nodirbek,2777,PRAGGNANANDHAA R,2737,X - X,Reti Opening,rapid,2020-12-02,World Rapid Championship,Samarkand
NIEMANN Hans Moke,2734,JU Wenjun,2563,X - X,French Defense,rapid,2020-08-19,Grand Chess Tour Croatia,Zagreb
DRONAVALLI Harika,2493,KASPAROV Garry,2850,1 - 0,King's Indian Defense,classical,2020-05-01,Candidates,Madrid
MUZYCHUK Mariya,2505,FRESSINET Laurent,2605,0 - 1,Sicilian Defense,classical,2020-01-03,Tata Steel,Wijk aan Zee
GIRI Anish,2733,PRAGGNANANDHAA R,2737,X - X,Alekhine Defense,rapid,2020-07-05,World Rapid Championship,Samarkand
ZHU Jiner,2514,DRONAVALLI Harika,2493,X - X,Petrov Defense,classical,2020-09-09,Isle of Man Open,Douglas
VACHIER-LAGRAVE Maxime,2737,ABDUSATTOROV Nodirbek,2777,X - X,Nimzo-Indian Defense,classical,2020-06-07,Candidates,Madrid
KEYMER Vincent,2733,POLGAR Judith,2732,0 - 1,Caro-Kann Defense,blitz,2020-05-01,Titled Tuesday,NA
GIRI Anish,2733,KRAMNIK Vladimir,2810,1 - 0,Pirc Defense,rapid,2020-12-23,Grand Chess Tour Croatia,Zagreb
LEI Tingjie,2549,KOSTENIUK Alexandra,2487,1 - 0,Scandinavian Defense,rapid,2020-12-31,Grand Chess Tour Croatia,Zagreb
MUZYCHUK Anna,2515,SAVINA Anastasia,2324,X - X,Berlin Defense,classical,2020-04-07,Isle of Man Open,Douglas
NEPOMNIACHTCHI Ian,2755,SCHIPPKE Manon,2272,X - X,French Defense,rapid,2020-05-19,Grand Chess Tour Croatia,Zagreb
ASSAUBAYEVA Bibisara,2488,LE Quang Liem,2739,X - X,French Defense,classical,2020-07-19,Sinquefield Cup,Saint Louis
SCHIPPKE Manon,2272,DAULYTE-CORNETTE Deimante,2371,1 - 0,Ruy Lopez,classical,2020-05-05,Tata Steel,Wijk aan Zee
HEJAZIPOUR Mitra,2309,GUKESH D,2783,1 - 0,French Defense,classical,2020-03-18,World Cup,Baku
LAGNO Kateryna,2527,GUKESH D,2783,1 - 0,Dutch Defense,classical,2020-03-18,Candidates,Madrid
ANAND Viswanathan,2750,ASSAUBAYEVA Bibisara,2488,X - X,Pirc Defense,rapid,2020-08-15,World Rapid Championship,Samarkand
SEBAG Marie,2448,GUICHARD Pauline,2357,1 - 0,Grunfeld Defense,classical,2020-07-15,Norway Chess,Stavanger
ASSAUBAYEVA Bibisara,2488,VACHIER-LAGRAVE Maxime,2737,X - X,Dutch Defense,classical,2020-08-28,Sinquefield Cup,Saint Louis
KONERU Humpy,2530,WEI Yi,2753,1 - 0,Alekhine Defense,classical,2020-08-05,Tata Steel,Wijk aan Zee
KEYMER Vincent,2733,HOU Yifan,2633,0 - 1,Scotch Game,classical,2020-01-19,Norway Chess,Stavanger
ERIGAISI Arjun,2799,TAN Zhongyi,2551,0 - 1,Ruy Lopez,rapid,2020-09-03,Grand Chess Tour Croatia,Zagreb
GORYACHKINA Aleksandra,2528,KONERU Humpy,2530,1 - 0,Grunfeld Defense,classical,2020-07-28,Sinquefield Cup,Saint Louis
BACROT Etienne,2653,SHUVALOVA Polina,2495,1 - 0,Semi-Slav Defense,classical,2020-03-14,Sinquefield Cup,Saint Louis
DZAGNIDZE Nana,2518,KASHLINSKAYA Alina,2493,0 - 1,French Defense,classical,2020-08-18,Sinquefield Cup,Saint Louis
LEI Tingjie,2549,VACHIER-LAGRAVE Maxime,2737,X - X,Alekhine Defense,blitz,2020-06-18,World Blitz Championship,Dubai
SCHIPPKE Manon,2272,JU Wenjun,2563,1 - 0,Semi-Slav Defense,rapid,2020-06-08,Grand Chess Tour Croatia,Zagreb
VAISHALI Rameshbabu,2490,HEJAZIPOUR Mitra,2309,1 - 0,Alekhine Defense,classical,2020-07-18,World Cup,Baku
ARONIAN Levon,2739,NAVROTESCU Andreea,2338,1 - 0,Caro-Kann Defense,rapid,2020-07-14,Grand Chess Tour Croatia,Zagreb
LAGNO Kateryna,2527,NAKAMURA Hikaru,2802,0 - 1,Queen's Gambit Accepted,classical,2020-10-18,Tata Steel,Wijk aan Zee
VACHIER-LAGRAVE Maxime,2737,LAGARDE Maxime,2606,X - X,French Defense,rapid,2020-12-02,World Rapid Championship,Samarkand
HOU Yifan,2633,TAN Zhongyi,2551,1 - 0,Scotch Game,classical,2020-07-09,Sinquefield Cup,Saint Louis
PRAGGNANANDHAA R,2737,KRAMNIK Vladimir,2810,1 - 0,English Opening,rapid,2020-09-15,Grand Chess Tour Croatia,Zagreb
SHUVALOVA Polina,2495,MUZYCHUK Anna,2515,0 - 1,Reti Opening,classical,2020-09-06,Candidates,Madrid
POLGAR Judith,2732,DZAGNIDZE Nana,2518,X - X,French Defense,classical,2020-11-16,Sinquefield Cup,Saint Louis
MUZYCHUK Mariya,2505,SCHIPPKE Manon,2272,0 - 1,Pirc Defense,rapid,2020-02-01,Grand Chess Tour Croatia,Zagreb
GORYACHKINA Aleksandra,2528,DZAGNIDZE Nana,2518,X - X,Catalan Opening,classical,2020-04-24,Candidates,Madrid
KOSTENIUK Alexandra,2487,MAMEDYAROV Shakhriyar,2738,1 - 0,Vienna Game,rapid,2020-06-20,Grand Chess Tour Croatia,Zagreb
KONERU Humpy,2530,FRESSINET Laurent,2605,X - X,English Opening,rapid,2020-10-19,Grand Chess Tour Croatia,Zagreb
HOU Yifan,2633,WEI Yi,2753,1 - 0,Sicilian Defense,classical,2020-05-04,Norway Chess,Stavanger
ERIGAISI Arjun,2799,WEI Yi,2753,0 - 1,Alekhine Defense,rapid,2020-12-20,Grand Chess Tour Croatia,Zagreb
MOUSSARD Jules,2600,KONERU Humpy,2530,X - X,Grunfeld Defense,rapid,2020-06-12,Grand Chess Tour Croatia,Zagreb
KONERU Humpy,2530,MUZYCHUK Anna,2515,X - X,Pirc Defense,classical,2020-01-16,Tata Steel,Wijk aan Zee
LEI Tingjie,2549,DUDA Jan-Krzysztof,2740,X - X,London System,classical,2020-03-04,Sinquefield Cup,Saint Louis
NEPOMNIACHTCHI Ian,2755,DRONAVALLI Harika,2493,0 - 1,Pirc Defense,classical,2020-08-15,Isle of Man Open,Douglas
SAVINA Anastasia,2324,LAGARDE Maxime,2606,0 - 1,Nimzo-Indian Defense,blitz,2020-11-01,Titled Tuesday,NA
CARUANA Fabiano,2805,GUKESH D,2783,X - X,Ruy Lopez,classical,2020-05-28,Isle of Man Open,Douglas
MAMEDYAROV Shakhriyar,2738,WEI Yi,2753,1 - 0,Caro-Kann Defense,rapid,2020-01-05,Grand Chess Tour Croatia,Zagreb
FRESSINET Laurent,2605,GUKESH D,2783,X - X,London System,classical,2020-05-14,Candidates,Madrid
HEJAZIPOUR Mitra,2309,DING Liren,2728,0 - 1,King's Indian Defense,rapid,2020-08-12,Grand Chess Tour Croatia,Zagreb
LE Quang Liem,2739,LAGNO Kateryna,2527,X - X,Catalan Opening,classical,2020-01-02,World Cup,Baku
WEI Yi,2753,GUICHARD Pauline,2357,X - X,London System,classical,2020-03-20,Tata Steel,Wijk aan Zee
SO Wesley,2747,SCHIPPKE Manon,2272,1 - 0,Ruy Lopez,rapid,2020-11-08,World Rapid Championship,Samarkand
VAISHALI Rameshbabu,2490,GUICHARD Pauline,2357,X - X,English Opening,classical,2020-06-19,Candidates,Madrid
TAN Zhongyi,2551,KASHLINSKAYA Alina,2493,1 - 0,Ruy Lopez,classical,2020-06-28,Candidates,Madrid
KOSTENIUK Alexandra,2487,POLGAR Judith,2732,X - X,London System,classical,2020-05-31,Sinquefield Cup,Saint Louis
KASHLINSKAYA Alina,2493,ASSAUBAYEVA Bibisara,2488,1 - 0,London System,classical,2020-03-24,Tata Steel,Wijk aan Zee
LE Quang Liem,2739,LEI Tingjie,2549,X - X,Catalan Opening,classical,2020-02-01,World Cup,Baku
NEPOMNIACHTCHI Ian,2755,HEJAZIPOUR Mitra,2309,X - X,French Defense,classical,2020-09-29,Candidates,Madrid
SHUVALOVA Polina,2495,NEPOMNIACHTCHI Ian,2755,X - X,Scotch Game,classical,2020-07-27,Sinquefield Cup,Saint Louis
DAULYTE-CORNETTE Deimante,2371,PRAGGNANANDHAA R,2737,1 - 0,Alekhine Defense,classical,2020-11-23,Isle of Man Open,Douglas
MUZYCHUK Mariya,2505,ANAND Viswanathan,2750,1 - 0,French Defense,rapid,2020-02-26,Grand Chess Tour Croatia,Zagreb
NAVROTESCU Andreea,2338,SKRIPCHENKO Almira,2361,1 - 0,Pirc Defense,classical,2020-12-16,Isle of Man Open,Douglas
DAULYTE-CORNETTE Deimante,2371,VIDIT Santosh Gujrathi,2739,X - X,English Opening,classical,2020-03-25,Norway Chess,Stavanger
KEYMER Vincent,2733,VACHIER-LAGRAVE Maxime,2737,1 - 0,French Defense,classical,2020-04-25,Tata Steel,Wijk aan Zee
IGLESIAS Yosha,2296,HEJAZIPOUR Mitra,2309,X - X,Caro-Kann Defense,classical,2020-04-01,Norway Chess,Stavanger
MILLIET Sophie,2366,FIROUZJA Alireza,2763,0 - 1,Vienna Game,rapid,2020-10-24,Grand Chess Tour Croatia,Zagreb
LAGNO Kateryna,2527,DZAGNIDZE Nana,2518,0 - 1,Alekhine Defense,rapid,2020-04-26,Grand Chess Tour Croatia,Zagreb
KRAMNIK Vladimir,2810,ERIGAISI Arjun,2799,0 - 1,French Defense,blitz,2020-10-07,Titled Tuesday,NA
DZAGNIDZE Nana,2518,VAISHALI Rameshbabu,2490,X - X,Queen's Gambit Accepted,classical,2020-08-14,Candidates,Madrid
GUICHARD Pauline,2357,VACHIER-LAGRAVE Maxime,2737,1 - 0,Pirc Defense,classical,2020-03-25,World Cup,Baku
POLGAR Judith,2732,ARONIAN Levon,2739,X - X,Scandinavian Defense,classical,2020-07-20,Candidates,Madrid
KEYMER Vincent,2733,POLGAR Judith,2732,1 - 0,Pirc Defense,blitz,2020-10-04,Titled Tuesday,NA
SO Wesley,2747,SHUVALOVA Polina,2495,X - X,English Opening,blitz,2020-03-31,Titled Tuesday,NA
PRAGGNANANDHAA R,2737,ASSAUBAYEVA Bibisara,2488,0 - 1,Ruy Lopez,classical,2020-03-20,Sinquefield Cup,Saint Louis
FRESSINET Laurent,2605,SEBAG Marie,2448,1 - 0,Vienna Game,rapid,2020-04-01,Grand Chess Tour Croatia,Zagreb
FRESSINET Laurent,2605,LEI Tingjie,2549,1 - 0,Reti Opening,rapid,2020-08-29,Grand Chess Tour Croatia,Zagreb
KEYMER Vincent,2733,HEJAZIPOUR Mitra,2309,0 - 1,Italian Game,classical,2020-10-29,Candidates,Madrid
ERIGAISI Arjun,2799,MUZYCHUK Mariya,2505,0 - 1,Queen's Gambit Accepted,classical,2020-11-22,Candidates,Madrid
NAVROTESCU Andreea,2338,CARLSEN Magnus,2831,1 - 0,Petrov Defense,classical,2020-12-28,Sinquefield Cup,Saint Louis
KASHLINSKAYA Alina,2493,GIRI Anish,2733,0 - 1,Alekhine Defense,blitz,2020-03-21,World Blitz Championship,Dubai
SAVINA Anastasia,2324,JU Wenjun,2563,X - X,Italian Game,blitz,2020-07-06,Titled Tuesday,NA
SKRIPCHENKO Almira,2361,POLGAR Judith,2732,1 - 0,Italian Game,blitz,2020-06-24,World Blitz Championship,Dubai
GUICHARD Pauline,2357,NEPOMNIACHTCHI Ian,2755,X - X,Catalan Opening,classical,2020-05-20,World Cup,Baku
ERIGAISI Arjun,2799,TAN Zhongyi,2551,X - X,Pirc Defense,rapid,2020-11-05,Grand Chess Tour Croatia,Zagreb
FRESSINET Laurent,2605,SCHIPPKE Manon,2272,1 - 0,French Defense,classical,2020-06-14,Candidates,Madrid
SO Wesley,2747,MAMEDYAROV Shakhriyar,2738,1 - 0,Pirc Defense,rapid,2020-08-22,Grand Chess Tour Croatia,Zagreb
JU Wenjun,2563,NEPOMNIACHTCHI Ian,2755,X - X,Dutch Defense,classical,2020-08-02,Candidates,Madrid
NIEMANN Hans Moke,2734,POLGAR Judith,2732,X - X,Caro-Kann Defense,classical,2020-01-03,Candidates,Madrid
DOMINGUEZ PEREZ Leinier,2741,LAGARDE Maxime,2606,1 - 0,Dutch Defense,classical,2020-12-01,Sinquefield Cup,Saint Louis
NIEMANN Hans Moke,2734,ABDUSATTOROV Nodirbek,2777,X - X,Petrov Defense,classical,2020-06-10,Candidates,Madrid
DAULYTE-CORNETTE Deimante,2371,KONERU Humpy,2530,1 - 0,Ruy Lopez,blitz,2020-05-03,Titled Tuesday,NA
PRAGGNANANDHAA R,2737,KOSTENIUK Alexandra,2487,X - X,Petrov Defense,rapid,2020-06-15,World Rapid Championship,Samarkand
KOSTENIUK Alexandra,2487,KONERU Humpy,2530,0 - 1,Berlin Defense,rapid,2020-01-21,Grand Chess Tour Croatia,Zagreb
DAULYTE-CORNETTE Deimante,2371,VACHIER-LAGRAVE Maxime,2737,0 - 1,French Defense,classical,2020-11-25,Tata Steel,Wijk aan Zee
LAGARDE Maxime,2606,SEBAG Marie,2448,1 - 0,Reti Opening,classical,2020-08-13,Norway Chess,Stavanger
GIRI Anish,2733,VACHIER-LAGRAVE Maxime,2737,X - X,Grunfeld Defense,rapid,2020-04-04,Grand Chess Tour Croatia,Zagreb
CARUANA Fabiano,2805,MUZYCHUK Mariya,2505,X - X,Scotch Game,rapid,2020-12-04,World Rapid Championship,Samarkand
PRAGGNANANDHAA R,2737,JU Wenjun,2563,0 - 1,Grunfeld Defense,rapid,2020-01-06,Grand Chess Tour Croatia,Zagreb
ARONIAN Levon,2739,NEPOMNIACHTCHI Ian,2755,X - X,Nimzo-Indian Defense,classical,2020-03-12,Candidates,Madrid
